channel_id	channel_name	sampling_frequency	dtype	unit	gain	offset	stream_id	type
AP0	imec1.ap#AP0	30000.0	int16	uV	0.762939453125	0.0	imec1.ap	EXT
AP1	imec1.ap#AP1	30000.0	int16	uV	0.762939453125	0.0	imec1.ap	EXT
AP2	imec1.ap#AP2	30000.0	int16	uV	0.762939453125	0.0	imec1.ap	EXT
AP3	imec1.ap#AP3	30000.0	int16	uV	0.762939453125	0.0	imec1.ap	EXT
AP4	imec1.ap#AP4	30000.0	int16	uV	0.762939453125	0.0	imec1.ap	EXT
AP5	imec1.ap#AP5	30000.0	int16	uV	0.762939453125	0.0	imec1.ap	EXT
AP6	imec1.ap#AP6	30000.0	int16	uV	0.762939453125	0.0	imec1.ap	EXT
AP7	imec1.ap#AP7	30000.0	int16	uV	0.762939453125	0.0	imec1.ap	EXT
AP8	imec1.ap#AP8	30000.0	int16	uV	0.762939453125	0.0	imec1.ap	EXT
AP9	imec1.ap#AP9	30000.0	int16	uV	0.762939453125	0.0	imec1.ap	EXT
AP10	imec1.ap#AP10	30000.0	int16	uV	0.762939453125	0.0	imec1.ap	EXT
AP11	imec1.ap#AP11	30000.0	int16	uV	0.762939453125	0.0	imec1.ap	EXT
AP12	imec1.ap#AP12	30000.0	int16	uV	0.762939453125	0.0	imec1.ap	EXT
AP13	imec1.ap#AP13	30000.0	int16	uV	0.762939453125	0.0	imec1.ap	EXT
AP14	imec1.ap#AP14	30000.0	int16	uV	0.762939453125	0.0	imec1.ap	EXT
AP15	imec1.ap#AP15	30000.0	int16	uV	0.762939453125	0.0	imec1.ap	EXT
AP16	imec1.ap#AP16	30000.0	int16	uV	0.762939453125	0.0	imec1.ap	EXT
AP17	imec1.ap#AP17	30000.0	int16	uV	0.762939453125	0.0	imec1.ap	EXT
AP18	imec1.ap#AP18	30000.0	int16	uV	0.762939453125	0.0	imec1.ap	EXT
AP19	imec1.ap#AP19	30000.0	int16	uV	0.762939453125	0.0	imec1.ap	EXT
AP20	imec1.ap#AP20	30000.0	int16	uV	0.762939453125	0.0	imec1.ap	EXT
AP21	imec1.ap#AP21	30000.0	int16	uV	0.762939453125	0.0	imec1.ap	EXT
AP22	imec1.ap#AP22	30000.0	int16	uV	0.762939453125	0.0	imec1.ap	EXT
AP23	imec1.ap#AP23	30000.0	int16	uV	0.762939453125	0.0	imec1.ap	EXT
AP24	imec1.ap#AP24	30000.0	int16	uV	0.762939453125	0.0	imec1.ap	EXT
AP25	imec1.ap#AP25	30000.0	int16	uV	0.762939453125	0.0	imec1.ap	EXT
AP26	imec1.ap#AP26	30000.0	int16	uV	0.762939453125	0.0	imec1.ap	EXT
AP27	imec1.ap#AP27	30000.0	int16	uV	0.762939453125	0.0	imec1.ap	EXT
AP28	imec1.ap#AP28	30000.0	int16	uV	0.762939453125	0.0	imec1.ap	EXT
AP29	imec1.ap#AP29	30000.0	int16	uV	0.762939453125	0.0	imec1.ap	EXT
AP30	imec1.ap#AP30	30000.0	int16	uV	0.762939453125	0.0	imec1.ap	EXT
AP31	imec1.ap#AP31	30000.0	int16	uV	0.762939453125	0.0	imec1.ap	EXT
AP32	imec1.ap#AP32	30000.0	int16	uV	0.762939453125	0.0	imec1.ap	EXT
AP33	imec1.ap#AP33	30000.0	int16	uV	0.762939453125	0.0	imec1.ap	EXT
AP34	imec1.ap#AP34	30000.0	int16	uV	0.762939453125	0.0	imec1.ap	EXT
AP35	imec1.ap#AP35	30000.0	int16	uV	0.762939453125	0.0	imec1.ap	EXT
AP36	imec1.ap#AP36	30000.0	int16	uV	0.762939453125	0.0	imec1.ap	EXT
AP37	imec1.ap#AP37	30000.0	int16	uV	0.762939453125	0.0	imec1.ap	EXT
AP38	imec1.ap#AP38	30000.0	int16	uV	0.762939453125	0.0	imec1.ap	EXT
AP39	imec1.ap#AP39	30000.0	int16	uV	0.762939453125	0.0	imec1.ap	EXT
AP40	imec1.ap#AP40	30000.0	int16	uV	0.762939453125	0.0	imec1.ap	EXT
AP41	imec1.ap#AP41	30000.0	int16	uV	0.762939453125	0.0	imec1.ap	EXT
AP42	imec1.ap#AP42	30000.0	int16	uV	0.762939453125	0.0	imec1.ap	EXT
AP43	imec1.ap#AP43	30000.0	int16	uV	0.762939453125	0.0	imec1.ap	EXT
AP44	imec1.ap#AP44	30000.0	int16	uV	0.762939453125	0.0	imec1.ap	EXT
AP45	imec1.ap#AP45	30000.0	int16	uV	0.762939453125	0.0	imec1.ap	EXT
AP46	imec1.ap#AP46	30000.0	int16	uV	0.762939453125	0.0	imec1.ap	EXT
AP47	imec1.ap#AP47	30000.0	int16	uV	0.762939453125	0.0	imec1.ap	EXT
AP48	imec1.ap#AP48	30000.0	int16	uV	0.762939453125	0.0	imec1.ap	EXT
AP49	imec1.ap#AP49	30000.0	int16	uV	0.762939453125	0.0	imec1.ap	EXT
AP50	imec1.ap#AP50	30000.0	int16	uV	0.762939453125	0.0	imec1.ap	EXT
AP51	imec1.ap#AP51	30000.0	int16	uV	0.762939453125	0.0	imec1.ap	EXT
AP52	imec1.ap#AP52	30000.0	int16	uV	0.762939453125	0.0	imec1.ap	EXT
AP53	imec1.ap#AP53	30000.0	int16	uV	0.762939453125	0.0	imec1.ap	EXT
AP54	imec1.ap#AP54	30000.0	int16	uV	0.762939453125	0.0	imec1.ap	EXT
AP55	imec1.ap#AP55	30000.0	int16	uV	0.762939453125	0.0	imec1.ap	EXT
AP56	imec1.ap#AP56	30000.0	int16	uV	0.762939453125	0.0	imec1.ap	EXT
AP57	imec1.ap#AP57	30000.0	int16	uV	0.762939453125	0.0	imec1.ap	EXT
AP58	imec1.ap#AP58	30000.0	int16	uV	0.762939453125	0.0	imec1.ap	EXT
AP59	imec1.ap#AP59	30000.0	int16	uV	0.762939453125	0.0	imec1.ap	EXT
AP60	imec1.ap#AP60	30000.0	int16	uV	0.762939453125	0.0	imec1.ap	EXT
AP61	imec1.ap#AP61	30000.0	int16	uV	0.762939453125	0.0	imec1.ap	EXT
AP62	imec1.ap#AP62	30000.0	int16	uV	0.762939453125	0.0	imec1.ap	EXT
AP63	imec1.ap#AP63	30000.0	int16	uV	0.762939453125	0.0	imec1.ap	EXT
AP64	imec1.ap#AP64	30000.0	int16	uV	0.762939453125	0.0	imec1.ap	EXT
AP65	imec1.ap#AP65	30000.0	int16	uV	0.762939453125	0.0	imec1.ap	EXT
AP66	imec1.ap#AP66	30000.0	int16	uV	0.762939453125	0.0	imec1.ap	EXT
AP67	imec1.ap#AP67	30000.0	int16	uV	0.762939453125	0.0	imec1.ap	EXT
AP68	imec1.ap#AP68	30000.0	int16	uV	0.762939453125	0.0	imec1.ap	EXT
AP69	imec1.ap#AP69	30000.0	int16	uV	0.762939453125	0.0	imec1.ap	EXT
AP70	imec1.ap#AP70	30000.0	int16	uV	0.762939453125	0.0	imec1.ap	EXT
AP71	imec1.ap#AP71	30000.0	int16	uV	0.762939453125	0.0	imec1.ap	EXT
AP72	imec1.ap#AP72	30000.0	int16	uV	0.762939453125	0.0	imec1.ap	EXT
AP73	imec1.ap#AP73	30000.0	int16	uV	0.762939453125	0.0	imec1.ap	EXT
AP74	imec1.ap#AP74	30000.0	int16	uV	0.762939453125	0.0	imec1.ap	EXT
AP75	imec1.ap#AP75	30000.0	int16	uV	0.762939453125	0.0	imec1.ap	EXT
AP76	imec1.ap#AP76	30000.0	int16	uV	0.762939453125	0.0	imec1.ap	EXT
AP77	imec1.ap#AP77	30000.0	int16	uV	0.762939453125	0.0	imec1.ap	EXT
AP78	imec1.ap#AP78	30000.0	int16	uV	0.762939453125	0.0	imec1.ap	EXT
AP79	imec1.ap#AP79	30000.0	int16	uV	0.762939453125	0.0	imec1.ap	EXT
AP80	imec1.ap#AP80	30000.0	int16	uV	0.762939453125	0.0	imec1.ap	EXT
AP81	imec1.ap#AP81	30000.0	int16	uV	0.762939453125	0.0	imec1.ap	EXT
AP82	imec1.ap#AP82	30000.0	int16	uV	0.762939453125	0.0	imec1.ap	EXT
AP83	imec1.ap#AP83	30000.0	int16	uV	0.762939453125	0.0	imec1.ap	EXT
AP84	imec1.ap#AP84	30000.0	int16	uV	0.762939453125	0.0	imec1.ap	EXT
AP85	imec1.ap#AP85	30000.0	int16	uV	0.762939453125	0.0	imec1.ap	EXT
AP86	imec1.ap#AP86	30000.0	int16	uV	0.762939453125	0.0	imec1.ap	EXT
AP87	imec1.ap#AP87	30000.0	int16	uV	0.762939453125	0.0	imec1.ap	EXT
AP88	imec1.ap#AP88	30000.0	int16	uV	0.762939453125	0.0	imec1.ap	EXT
AP89	imec1.ap#AP89	30000.0	int16	uV	0.762939453125	0.0	imec1.ap	EXT
AP90	imec1.ap#AP90	30000.0	int16	uV	0.762939453125	0.0	imec1.ap	EXT
AP91	imec1.ap#AP91	30000.0	int16	uV	0.762939453125	0.0	imec1.ap	EXT
AP92	imec1.ap#AP92	30000.0	int16	uV	0.762939453125	0.0	imec1.ap	EXT
AP93	imec1.ap#AP93	30000.0	int16	uV	0.762939453125	0.0	imec1.ap	EXT
AP94	imec1.ap#AP94	30000.0	int16	uV	0.762939453125	0.0	imec1.ap	EXT
AP95	imec1.ap#AP95	30000.0	int16	uV	0.762939453125	0.0	imec1.ap	EXT
AP96	imec1.ap#AP96	30000.0	int16	uV	0.762939453125	0.0	imec1.ap	EXT
AP97	imec1.ap#AP97	30000.0	int16	uV	0.762939453125	0.0	imec1.ap	EXT
AP98	imec1.ap#AP98	30000.0	int16	uV	0.762939453125	0.0	imec1.ap	EXT
AP99	imec1.ap#AP99	30000.0	int16	uV	0.762939453125	0.0	imec1.ap	EXT
AP100	imec1.ap#AP100	30000.0	int16	uV	0.762939453125	0.0	imec1.ap	EXT
AP101	imec1.ap#AP101	30000.0	int16	uV	0.762939453125	0.0	imec1.ap	EXT
AP102	imec1.ap#AP102	30000.0	int16	uV	0.762939453125	0.0	imec1.ap	EXT
AP103	imec1.ap#AP103	30000.0	int16	uV	0.762939453125	0.0	imec1.ap	EXT
AP104	imec1.ap#AP104	30000.0	int16	uV	0.762939453125	0.0	imec1.ap	EXT
AP105	imec1.ap#AP105	30000.0	int16	uV	0.762939453125	0.0	imec1.ap	EXT
AP106	imec1.ap#AP106	30000.0	int16	uV	0.762939453125	0.0	imec1.ap	EXT
AP107	imec1.ap#AP107	30000.0	int16	uV	0.762939453125	0.0	imec1.ap	EXT
AP108	imec1.ap#AP108	30000.0	int16	uV	0.762939453125	0.0	imec1.ap	EXT
AP109	imec1.ap#AP109	30000.0	int16	uV	0.762939453125	0.0	imec1.ap	EXT
AP110	imec1.ap#AP110	30000.0	int16	uV	0.762939453125	0.0	imec1.ap	EXT
AP111	imec1.ap#AP111	30000.0	int16	uV	0.762939453125	0.0	imec1.ap	EXT
AP112	imec1.ap#AP112	30000.0	int16	uV	0.762939453125	0.0	imec1.ap	EXT
AP113	imec1.ap#AP113	30000.0	int16	uV	0.762939453125	0.0	imec1.ap	EXT
AP114	imec1.ap#AP114	30000.0	int16	uV	0.762939453125	0.0	imec1.ap	EXT
AP115	imec1.ap#AP115	30000.0	int16	uV	0.762939453125	0.0	imec1.ap	EXT
AP116	imec1.ap#AP116	30000.0	int16	uV	0.762939453125	0.0	imec1.ap	EXT
AP117	imec1.ap#AP117	30000.0	int16	uV	0.762939453125	0.0	imec1.ap	EXT
AP118	imec1.ap#AP118	30000.0	int16	uV	0.762939453125	0.0	imec1.ap	EXT
AP119	imec1.ap#AP119	30000.0	int16	uV	0.762939453125	0.0	imec1.ap	EXT
AP120	imec1.ap#AP120	30000.0	int16	uV	0.762939453125	0.0	imec1.ap	EXT
AP121	imec1.ap#AP121	30000.0	int16	uV	0.762939453125	0.0	imec1.ap	EXT
AP122	imec1.ap#AP122	30000.0	int16	uV	0.762939453125	0.0	imec1.ap	EXT
AP123	imec1.ap#AP123	30000.0	int16	uV	0.762939453125	0.0	imec1.ap	EXT
AP124	imec1.ap#AP124	30000.0	int16	uV	0.762939453125	0.0	imec1.ap	EXT
AP125	imec1.ap#AP125	30000.0	int16	uV	0.762939453125	0.0	imec1.ap	EXT
AP126	imec1.ap#AP126	30000.0	int16	uV	0.762939453125	0.0	imec1.ap	EXT
AP127	imec1.ap#AP127	30000.0	int16	uV	0.762939453125	0.0	imec1.ap	EXT
AP128	imec1.ap#AP128	30000.0	int16	uV	0.762939453125	0.0	imec1.ap	EXT
AP129	imec1.ap#AP129	30000.0	int16	uV	0.762939453125	0.0	imec1.ap	EXT
AP130	imec1.ap#AP130	30000.0	int16	uV	0.762939453125	0.0	imec1.ap	EXT
AP131	imec1.ap#AP131	30000.0	int16	uV	0.762939453125	0.0	imec1.ap	EXT
AP132	imec1.ap#AP132	30000.0	int16	uV	0.762939453125	0.0	imec1.ap	EXT
AP133	imec1.ap#AP133	30000.0	int16	uV	0.762939453125	0.0	imec1.ap	EXT
AP134	imec1.ap#AP134	30000.0	int16	uV	0.762939453125	0.0	imec1.ap	EXT
AP135	imec1.ap#AP135	30000.0	int16	uV	0.762939453125	0.0	imec1.ap	EXT
AP136	imec1.ap#AP136	30000.0	int16	uV	0.762939453125	0.0	imec1.ap	EXT
AP137	imec1.ap#AP137	30000.0	int16	uV	0.762939453125	0.0	imec1.ap	EXT
AP138	imec1.ap#AP138	30000.0	int16	uV	0.762939453125	0.0	imec1.ap	EXT
AP139	imec1.ap#AP139	30000.0	int16	uV	0.762939453125	0.0	imec1.ap	EXT
AP140	imec1.ap#AP140	30000.0	int16	uV	0.762939453125	0.0	imec1.ap	EXT
AP141	imec1.ap#AP141	30000.0	int16	uV	0.762939453125	0.0	imec1.ap	EXT
AP142	imec1.ap#AP142	30000.0	int16	uV	0.762939453125	0.0	imec1.ap	EXT
AP143	imec1.ap#AP143	30000.0	int16	uV	0.762939453125	0.0	imec1.ap	EXT
AP144	imec1.ap#AP144	30000.0	int16	uV	0.762939453125	0.0	imec1.ap	EXT
AP145	imec1.ap#AP145	30000.0	int16	uV	0.762939453125	0.0	imec1.ap	EXT
AP146	imec1.ap#AP146	30000.0	int16	uV	0.762939453125	0.0	imec1.ap	EXT
AP147	imec1.ap#AP147	30000.0	int16	uV	0.762939453125	0.0	imec1.ap	EXT
AP148	imec1.ap#AP148	30000.0	int16	uV	0.762939453125	0.0	imec1.ap	EXT
AP149	imec1.ap#AP149	30000.0	int16	uV	0.762939453125	0.0	imec1.ap	EXT
AP150	imec1.ap#AP150	30000.0	int16	uV	0.762939453125	0.0	imec1.ap	EXT
AP151	imec1.ap#AP151	30000.0	int16	uV	0.762939453125	0.0	imec1.ap	EXT
AP152	imec1.ap#AP152	30000.0	int16	uV	0.762939453125	0.0	imec1.ap	EXT
AP153	imec1.ap#AP153	30000.0	int16	uV	0.762939453125	0.0	imec1.ap	EXT
AP154	imec1.ap#AP154	30000.0	int16	uV	0.762939453125	0.0	imec1.ap	EXT
AP155	imec1.ap#AP155	30000.0	int16	uV	0.762939453125	0.0	imec1.ap	EXT
AP156	imec1.ap#AP156	30000.0	int16	uV	0.762939453125	0.0	imec1.ap	EXT
AP157	imec1.ap#AP157	30000.0	int16	uV	0.762939453125	0.0	imec1.ap	EXT
AP158	imec1.ap#AP158	30000.0	int16	uV	0.762939453125	0.0	imec1.ap	EXT
AP159	imec1.ap#AP159	30000.0	int16	uV	0.762939453125	0.0	imec1.ap	EXT
AP160	imec1.ap#AP160	30000.0	int16	uV	0.762939453125	0.0	imec1.ap	EXT
AP161	imec1.ap#AP161	30000.0	int16	uV	0.762939453125	0.0	imec1.ap	EXT
AP162	imec1.ap#AP162	30000.0	int16	uV	0.762939453125	0.0	imec1.ap	EXT
AP163	imec1.ap#AP163	30000.0	int16	uV	0.762939453125	0.0	imec1.ap	EXT
AP164	imec1.ap#AP164	30000.0	int16	uV	0.762939453125	0.0	imec1.ap	EXT
AP165	imec1.ap#AP165	30000.0	int16	uV	0.762939453125	0.0	imec1.ap	EXT
AP166	imec1.ap#AP166	30000.0	int16	uV	0.762939453125	0.0	imec1.ap	EXT
AP167	imec1.ap#AP167	30000.0	int16	uV	0.762939453125	0.0	imec1.ap	EXT
AP168	imec1.ap#AP168	30000.0	int16	uV	0.762939453125	0.0	imec1.ap	EXT
AP169	imec1.ap#AP169	30000.0	int16	uV	0.762939453125	0.0	imec1.ap	EXT
AP170	imec1.ap#AP170	30000.0	int16	uV	0.762939453125	0.0	imec1.ap	EXT
AP171	imec1.ap#AP171	30000.0	int16	uV	0.762939453125	0.0	imec1.ap	EXT
AP172	imec1.ap#AP172	30000.0	int16	uV	0.762939453125	0.0	imec1.ap	EXT
AP173	imec1.ap#AP173	30000.0	int16	uV	0.762939453125	0.0	imec1.ap	EXT
AP174	imec1.ap#AP174	30000.0	int16	uV	0.762939453125	0.0	imec1.ap	EXT
AP175	imec1.ap#AP175	30000.0	int16	uV	0.762939453125	0.0	imec1.ap	EXT
AP176	imec1.ap#AP176	30000.0	int16	uV	0.762939453125	0.0	imec1.ap	EXT
AP177	imec1.ap#AP177	30000.0	int16	uV	0.762939453125	0.0	imec1.ap	EXT
AP178	imec1.ap#AP178	30000.0	int16	uV	0.762939453125	0.0	imec1.ap	EXT
AP179	imec1.ap#AP179	30000.0	int16	uV	0.762939453125	0.0	imec1.ap	EXT
AP180	imec1.ap#AP180	30000.0	int16	uV	0.762939453125	0.0	imec1.ap	EXT
AP181	imec1.ap#AP181	30000.0	int16	uV	0.762939453125	0.0	imec1.ap	EXT
AP182	imec1.ap#AP182	30000.0	int16	uV	0.762939453125	0.0	imec1.ap	EXT
AP183	imec1.ap#AP183	30000.0	int16	uV	0.762939453125	0.0	imec1.ap	EXT
AP184	imec1.ap#AP184	30000.0	int16	uV	0.762939453125	0.0	imec1.ap	EXT
AP185	imec1.ap#AP185	30000.0	int16	uV	0.762939453125	0.0	imec1.ap	EXT
AP186	imec1.ap#AP186	30000.0	int16	uV	0.762939453125	0.0	imec1.ap	EXT
AP187	imec1.ap#AP187	30000.0	int16	uV	0.762939453125	0.0	imec1.ap	EXT
AP188	imec1.ap#AP188	30000.0	int16	uV	0.762939453125	0.0	imec1.ap	EXT
AP189	imec1.ap#AP189	30000.0	int16	uV	0.762939453125	0.0	imec1.ap	EXT
AP190	imec1.ap#AP190	30000.0	int16	uV	0.762939453125	0.0	imec1.ap	EXT
AP191	imec1.ap#AP191	30000.0	int16	uV	0.762939453125	0.0	imec1.ap	EXT
AP192	imec1.ap#AP192	30000.0	int16	uV	0.762939453125	0.0	imec1.ap	EXT
AP193	imec1.ap#AP193	30000.0	int16	uV	0.762939453125	0.0	imec1.ap	EXT
AP194	imec1.ap#AP194	30000.0	int16	uV	0.762939453125	0.0	imec1.ap	EXT
AP195	imec1.ap#AP195	30000.0	int16	uV	0.762939453125	0.0	imec1.ap	EXT
AP196	imec1.ap#AP196	30000.0	int16	uV	0.762939453125	0.0	imec1.ap	EXT
AP197	imec1.ap#AP197	30000.0	int16	uV	0.762939453125	0.0	imec1.ap	EXT
AP198	imec1.ap#AP198	30000.0	int16	uV	0.762939453125	0.0	imec1.ap	EXT
AP199	imec1.ap#AP199	30000.0	int16	uV	0.762939453125	0.0	imec1.ap	EXT
AP200	imec1.ap#AP200	30000.0	int16	uV	0.762939453125	0.0	imec1.ap	EXT
AP201	imec1.ap#AP201	30000.0	int16	uV	0.762939453125	0.0	imec1.ap	EXT
AP202	imec1.ap#AP202	30000.0	int16	uV	0.762939453125	0.0	imec1.ap	EXT
AP203	imec1.ap#AP203	30000.0	int16	uV	0.762939453125	0.0	imec1.ap	EXT
AP204	imec1.ap#AP204	30000.0	int16	uV	0.762939453125	0.0	imec1.ap	EXT
AP205	imec1.ap#AP205	30000.0	int16	uV	0.762939453125	0.0	imec1.ap	EXT
AP206	imec1.ap#AP206	30000.0	int16	uV	0.762939453125	0.0	imec1.ap	EXT
AP207	imec1.ap#AP207	30000.0	int16	uV	0.762939453125	0.0	imec1.ap	EXT
AP208	imec1.ap#AP208	30000.0	int16	uV	0.762939453125	0.0	imec1.ap	EXT
AP209	imec1.ap#AP209	30000.0	int16	uV	0.762939453125	0.0	imec1.ap	EXT
AP210	imec1.ap#AP210	30000.0	int16	uV	0.762939453125	0.0	imec1.ap	EXT
AP211	imec1.ap#AP211	30000.0	int16	uV	0.762939453125	0.0	imec1.ap	EXT
AP212	imec1.ap#AP212	30000.0	int16	uV	0.762939453125	0.0	imec1.ap	EXT
AP213	imec1.ap#AP213	30000.0	int16	uV	0.762939453125	0.0	imec1.ap	EXT
AP214	imec1.ap#AP214	30000.0	int16	uV	0.762939453125	0.0	imec1.ap	EXT
AP215	imec1.ap#AP215	30000.0	int16	uV	0.762939453125	0.0	imec1.ap	EXT
AP216	imec1.ap#AP216	30000.0	int16	uV	0.762939453125	0.0	imec1.ap	EXT
AP217	imec1.ap#AP217	30000.0	int16	uV	0.762939453125	0.0	imec1.ap	EXT
AP218	imec1.ap#AP218	30000.0	int16	uV	0.762939453125	0.0	imec1.ap	EXT
AP219	imec1.ap#AP219	30000.0	int16	uV	0.762939453125	0.0	imec1.ap	EXT
AP220	imec1.ap#AP220	30000.0	int16	uV	0.762939453125	0.0	imec1.ap	EXT
AP221	imec1.ap#AP221	30000.0	int16	uV	0.762939453125	0.0	imec1.ap	EXT
AP222	imec1.ap#AP222	30000.0	int16	uV	0.762939453125	0.0	imec1.ap	EXT
AP223	imec1.ap#AP223	30000.0	int16	uV	0.762939453125	0.0	imec1.ap	EXT
AP224	imec1.ap#AP224	30000.0	int16	uV	0.762939453125	0.0	imec1.ap	EXT
AP225	imec1.ap#AP225	30000.0	int16	uV	0.762939453125	0.0	imec1.ap	EXT
AP226	imec1.ap#AP226	30000.0	int16	uV	0.762939453125	0.0	imec1.ap	EXT
AP227	imec1.ap#AP227	30000.0	int16	uV	0.762939453125	0.0	imec1.ap	EXT
AP228	imec1.ap#AP228	30000.0	int16	uV	0.762939453125	0.0	imec1.ap	EXT
AP229	imec1.ap#AP229	30000.0	int16	uV	0.762939453125	0.0	imec1.ap	EXT
AP230	imec1.ap#AP230	30000.0	int16	uV	0.762939453125	0.0	imec1.ap	EXT
AP231	imec1.ap#AP231	30000.0	int16	uV	0.762939453125	0.0	imec1.ap	EXT
AP232	imec1.ap#AP232	30000.0	int16	uV	0.762939453125	0.0	imec1.ap	EXT
AP233	imec1.ap#AP233	30000.0	int16	uV	0.762939453125	0.0	imec1.ap	EXT
AP234	imec1.ap#AP234	30000.0	int16	uV	0.762939453125	0.0	imec1.ap	EXT
AP235	imec1.ap#AP235	30000.0	int16	uV	0.762939453125	0.0	imec1.ap	EXT
AP236	imec1.ap#AP236	30000.0	int16	uV	0.762939453125	0.0	imec1.ap	EXT
AP237	imec1.ap#AP237	30000.0	int16	uV	0.762939453125	0.0	imec1.ap	EXT
AP238	imec1.ap#AP238	30000.0	int16	uV	0.762939453125	0.0	imec1.ap	EXT
AP239	imec1.ap#AP239	30000.0	int16	uV	0.762939453125	0.0	imec1.ap	EXT
AP240	imec1.ap#AP240	30000.0	int16	uV	0.762939453125	0.0	imec1.ap	EXT
AP241	imec1.ap#AP241	30000.0	int16	uV	0.762939453125	0.0	imec1.ap	EXT
AP242	imec1.ap#AP242	30000.0	int16	uV	0.762939453125	0.0	imec1.ap	EXT
AP243	imec1.ap#AP243	30000.0	int16	uV	0.762939453125	0.0	imec1.ap	EXT
AP244	imec1.ap#AP244	30000.0	int16	uV	0.762939453125	0.0	imec1.ap	EXT
AP245	imec1.ap#AP245	30000.0	int16	uV	0.762939453125	0.0	imec1.ap	EXT
AP246	imec1.ap#AP246	30000.0	int16	uV	0.762939453125	0.0	imec1.ap	EXT
AP247	imec1.ap#AP247	30000.0	int16	uV	0.762939453125	0.0	imec1.ap	EXT
AP248	imec1.ap#AP248	30000.0	int16	uV	0.762939453125	0.0	imec1.ap	EXT
AP249	imec1.ap#AP249	30000.0	int16	uV	0.762939453125	0.0	imec1.ap	EXT
AP250	imec1.ap#AP250	30000.0	int16	uV	0.762939453125	0.0	imec1.ap	EXT
AP251	imec1.ap#AP251	30000.0	int16	uV	0.762939453125	0.0	imec1.ap	EXT
AP252	imec1.ap#AP252	30000.0	int16	uV	0.762939453125	0.0	imec1.ap	EXT
AP253	imec1.ap#AP253	30000.0	int16	uV	0.762939453125	0.0	imec1.ap	EXT
AP254	imec1.ap#AP254	30000.0	int16	uV	0.762939453125	0.0	imec1.ap	EXT
AP255	imec1.ap#AP255	30000.0	int16	uV	0.762939453125	0.0	imec1.ap	EXT
AP256	imec1.ap#AP256	30000.0	int16	uV	0.762939453125	0.0	imec1.ap	EXT
AP257	imec1.ap#AP257	30000.0	int16	uV	0.762939453125	0.0	imec1.ap	EXT
AP258	imec1.ap#AP258	30000.0	int16	uV	0.762939453125	0.0	imec1.ap	EXT
AP259	imec1.ap#AP259	30000.0	int16	uV	0.762939453125	0.0	imec1.ap	EXT
AP260	imec1.ap#AP260	30000.0	int16	uV	0.762939453125	0.0	imec1.ap	EXT
AP261	imec1.ap#AP261	30000.0	int16	uV	0.762939453125	0.0	imec1.ap	EXT
AP262	imec1.ap#AP262	30000.0	int16	uV	0.762939453125	0.0	imec1.ap	EXT
AP263	imec1.ap#AP263	30000.0	int16	uV	0.762939453125	0.0	imec1.ap	EXT
AP264	imec1.ap#AP264	30000.0	int16	uV	0.762939453125	0.0	imec1.ap	EXT
AP265	imec1.ap#AP265	30000.0	int16	uV	0.762939453125	0.0	imec1.ap	EXT
AP266	imec1.ap#AP266	30000.0	int16	uV	0.762939453125	0.0	imec1.ap	EXT
AP267	imec1.ap#AP267	30000.0	int16	uV	0.762939453125	0.0	imec1.ap	EXT
AP268	imec1.ap#AP268	30000.0	int16	uV	0.762939453125	0.0	imec1.ap	EXT
AP269	imec1.ap#AP269	30000.0	int16	uV	0.762939453125	0.0	imec1.ap	EXT
AP270	imec1.ap#AP270	30000.0	int16	uV	0.762939453125	0.0	imec1.ap	EXT
AP271	imec1.ap#AP271	30000.0	int16	uV	0.762939453125	0.0	imec1.ap	EXT
AP272	imec1.ap#AP272	30000.0	int16	uV	0.762939453125	0.0	imec1.ap	EXT
AP273	imec1.ap#AP273	30000.0	int16	uV	0.762939453125	0.0	imec1.ap	EXT
AP274	imec1.ap#AP274	30000.0	int16	uV	0.762939453125	0.0	imec1.ap	EXT
AP275	imec1.ap#AP275	30000.0	int16	uV	0.762939453125	0.0	imec1.ap	EXT
AP276	imec1.ap#AP276	30000.0	int16	uV	0.762939453125	0.0	imec1.ap	EXT
AP277	imec1.ap#AP277	30000.0	int16	uV	0.762939453125	0.0	imec1.ap	EXT
AP278	imec1.ap#AP278	30000.0	int16	uV	0.762939453125	0.0	imec1.ap	EXT
AP279	imec1.ap#AP279	30000.0	int16	uV	0.762939453125	0.0	imec1.ap	EXT
AP280	imec1.ap#AP280	30000.0	int16	uV	0.762939453125	0.0	imec1.ap	EXT
AP281	imec1.ap#AP281	30000.0	int16	uV	0.762939453125	0.0	imec1.ap	EXT
AP282	imec1.ap#AP282	30000.0	int16	uV	0.762939453125	0.0	imec1.ap	EXT
AP283	imec1.ap#AP283	30000.0	int16	uV	0.762939453125	0.0	imec1.ap	EXT
AP284	imec1.ap#AP284	30000.0	int16	uV	0.762939453125	0.0	imec1.ap	EXT
AP285	imec1.ap#AP285	30000.0	int16	uV	0.762939453125	0.0	imec1.ap	EXT
AP286	imec1.ap#AP286	30000.0	int16	uV	0.762939453125	0.0	imec1.ap	EXT
AP287	imec1.ap#AP287	30000.0	int16	uV	0.762939453125	0.0	imec1.ap	EXT
AP288	imec1.ap#AP288	30000.0	int16	uV	0.762939453125	0.0	imec1.ap	EXT
AP289	imec1.ap#AP289	30000.0	int16	uV	0.762939453125	0.0	imec1.ap	EXT
AP290	imec1.ap#AP290	30000.0	int16	uV	0.762939453125	0.0	imec1.ap	EXT
AP291	imec1.ap#AP291	30000.0	int16	uV	0.762939453125	0.0	imec1.ap	EXT
AP292	imec1.ap#AP292	30000.0	int16	uV	0.762939453125	0.0	imec1.ap	EXT
AP293	imec1.ap#AP293	30000.0	int16	uV	0.762939453125	0.0	imec1.ap	EXT
AP294	imec1.ap#AP294	30000.0	int16	uV	0.762939453125	0.0	imec1.ap	EXT
AP295	imec1.ap#AP295	30000.0	int16	uV	0.762939453125	0.0	imec1.ap	EXT
AP296	imec1.ap#AP296	30000.0	int16	uV	0.762939453125	0.0	imec1.ap	EXT
AP297	imec1.ap#AP297	30000.0	int16	uV	0.762939453125	0.0	imec1.ap	EXT
AP298	imec1.ap#AP298	30000.0	int16	uV	0.762939453125	0.0	imec1.ap	EXT
AP299	imec1.ap#AP299	30000.0	int16	uV	0.762939453125	0.0	imec1.ap	EXT
AP300	imec1.ap#AP300	30000.0	int16	uV	0.762939453125	0.0	imec1.ap	EXT
AP301	imec1.ap#AP301	30000.0	int16	uV	0.762939453125	0.0	imec1.ap	EXT
AP302	imec1.ap#AP302	30000.0	int16	uV	0.762939453125	0.0	imec1.ap	EXT
AP303	imec1.ap#AP303	30000.0	int16	uV	0.762939453125	0.0	imec1.ap	EXT
AP304	imec1.ap#AP304	30000.0	int16	uV	0.762939453125	0.0	imec1.ap	EXT
AP305	imec1.ap#AP305	30000.0	int16	uV	0.762939453125	0.0	imec1.ap	EXT
AP306	imec1.ap#AP306	30000.0	int16	uV	0.762939453125	0.0	imec1.ap	EXT
AP307	imec1.ap#AP307	30000.0	int16	uV	0.762939453125	0.0	imec1.ap	EXT
AP308	imec1.ap#AP308	30000.0	int16	uV	0.762939453125	0.0	imec1.ap	EXT
AP309	imec1.ap#AP309	30000.0	int16	uV	0.762939453125	0.0	imec1.ap	EXT
AP310	imec1.ap#AP310	30000.0	int16	uV	0.762939453125	0.0	imec1.ap	EXT
AP311	imec1.ap#AP311	30000.0	int16	uV	0.762939453125	0.0	imec1.ap	EXT
AP312	imec1.ap#AP312	30000.0	int16	uV	0.762939453125	0.0	imec1.ap	EXT
AP313	imec1.ap#AP313	30000.0	int16	uV	0.762939453125	0.0	imec1.ap	EXT
AP314	imec1.ap#AP314	30000.0	int16	uV	0.762939453125	0.0	imec1.ap	EXT
AP315	imec1.ap#AP315	30000.0	int16	uV	0.762939453125	0.0	imec1.ap	EXT
AP316	imec1.ap#AP316	30000.0	int16	uV	0.762939453125	0.0	imec1.ap	EXT
AP317	imec1.ap#AP317	30000.0	int16	uV	0.762939453125	0.0	imec1.ap	EXT
AP318	imec1.ap#AP318	30000.0	int16	uV	0.762939453125	0.0	imec1.ap	EXT
AP319	imec1.ap#AP319	30000.0	int16	uV	0.762939453125	0.0	imec1.ap	EXT
AP320	imec1.ap#AP320	30000.0	int16	uV	0.762939453125	0.0	imec1.ap	EXT
AP321	imec1.ap#AP321	30000.0	int16	uV	0.762939453125	0.0	imec1.ap	EXT
AP322	imec1.ap#AP322	30000.0	int16	uV	0.762939453125	0.0	imec1.ap	EXT
AP323	imec1.ap#AP323	30000.0	int16	uV	0.762939453125	0.0	imec1.ap	EXT
AP324	imec1.ap#AP324	30000.0	int16	uV	0.762939453125	0.0	imec1.ap	EXT
AP325	imec1.ap#AP325	30000.0	int16	uV	0.762939453125	0.0	imec1.ap	EXT
AP326	imec1.ap#AP326	30000.0	int16	uV	0.762939453125	0.0	imec1.ap	EXT
AP327	imec1.ap#AP327	30000.0	int16	uV	0.762939453125	0.0	imec1.ap	EXT
AP328	imec1.ap#AP328	30000.0	int16	uV	0.762939453125	0.0	imec1.ap	EXT
AP329	imec1.ap#AP329	30000.0	int16	uV	0.762939453125	0.0	imec1.ap	EXT
AP330	imec1.ap#AP330	30000.0	int16	uV	0.762939453125	0.0	imec1.ap	EXT
AP331	imec1.ap#AP331	30000.0	int16	uV	0.762939453125	0.0	imec1.ap	EXT
AP332	imec1.ap#AP332	30000.0	int16	uV	0.762939453125	0.0	imec1.ap	EXT
AP333	imec1.ap#AP333	30000.0	int16	uV	0.762939453125	0.0	imec1.ap	EXT
AP334	imec1.ap#AP334	30000.0	int16	uV	0.762939453125	0.0	imec1.ap	EXT
AP335	imec1.ap#AP335	30000.0	int16	uV	0.762939453125	0.0	imec1.ap	EXT
AP336	imec1.ap#AP336	30000.0	int16	uV	0.762939453125	0.0	imec1.ap	EXT
AP337	imec1.ap#AP337	30000.0	int16	uV	0.762939453125	0.0	imec1.ap	EXT
AP338	imec1.ap#AP338	30000.0	int16	uV	0.762939453125	0.0	imec1.ap	EXT
AP339	imec1.ap#AP339	30000.0	int16	uV	0.762939453125	0.0	imec1.ap	EXT
AP340	imec1.ap#AP340	30000.0	int16	uV	0.762939453125	0.0	imec1.ap	EXT
AP341	imec1.ap#AP341	30000.0	int16	uV	0.762939453125	0.0	imec1.ap	EXT
AP342	imec1.ap#AP342	30000.0	int16	uV	0.762939453125	0.0	imec1.ap	EXT
AP343	imec1.ap#AP343	30000.0	int16	uV	0.762939453125	0.0	imec1.ap	EXT
AP344	imec1.ap#AP344	30000.0	int16	uV	0.762939453125	0.0	imec1.ap	EXT
AP345	imec1.ap#AP345	30000.0	int16	uV	0.762939453125	0.0	imec1.ap	EXT
AP346	imec1.ap#AP346	30000.0	int16	uV	0.762939453125	0.0	imec1.ap	EXT
AP347	imec1.ap#AP347	30000.0	int16	uV	0.762939453125	0.0	imec1.ap	EXT
AP348	imec1.ap#AP348	30000.0	int16	uV	0.762939453125	0.0	imec1.ap	EXT
AP349	imec1.ap#AP349	30000.0	int16	uV	0.762939453125	0.0	imec1.ap	EXT
AP350	imec1.ap#AP350	30000.0	int16	uV	0.762939453125	0.0	imec1.ap	EXT
AP351	imec1.ap#AP351	30000.0	int16	uV	0.762939453125	0.0	imec1.ap	EXT
AP352	imec1.ap#AP352	30000.0	int16	uV	0.762939453125	0.0	imec1.ap	EXT
AP353	imec1.ap#AP353	30000.0	int16	uV	0.762939453125	0.0	imec1.ap	EXT
AP354	imec1.ap#AP354	30000.0	int16	uV	0.762939453125	0.0	imec1.ap	EXT
AP355	imec1.ap#AP355	30000.0	int16	uV	0.762939453125	0.0	imec1.ap	EXT
AP356	imec1.ap#AP356	30000.0	int16	uV	0.762939453125	0.0	imec1.ap	EXT
AP357	imec1.ap#AP357	30000.0	int16	uV	0.762939453125	0.0	imec1.ap	EXT
AP358	imec1.ap#AP358	30000.0	int16	uV	0.762939453125	0.0	imec1.ap	EXT
AP359	imec1.ap#AP359	30000.0	int16	uV	0.762939453125	0.0	imec1.ap	EXT
AP360	imec1.ap#AP360	30000.0	int16	uV	0.762939453125	0.0	imec1.ap	EXT
AP361	imec1.ap#AP361	30000.0	int16	uV	0.762939453125	0.0	imec1.ap	EXT
AP362	imec1.ap#AP362	30000.0	int16	uV	0.762939453125	0.0	imec1.ap	EXT
AP363	imec1.ap#AP363	30000.0	int16	uV	0.762939453125	0.0	imec1.ap	EXT
AP364	imec1.ap#AP364	30000.0	int16	uV	0.762939453125	0.0	imec1.ap	EXT
AP365	imec1.ap#AP365	30000.0	int16	uV	0.762939453125	0.0	imec1.ap	EXT
AP366	imec1.ap#AP366	30000.0	int16	uV	0.762939453125	0.0	imec1.ap	EXT
AP367	imec1.ap#AP367	30000.0	int16	uV	0.762939453125	0.0	imec1.ap	EXT
AP368	imec1.ap#AP368	30000.0	int16	uV	0.762939453125	0.0	imec1.ap	EXT
AP369	imec1.ap#AP369	30000.0	int16	uV	0.762939453125	0.0	imec1.ap	EXT
AP370	imec1.ap#AP370	30000.0	int16	uV	0.762939453125	0.0	imec1.ap	EXT
AP371	imec1.ap#AP371	30000.0	int16	uV	0.762939453125	0.0	imec1.ap	EXT
AP372	imec1.ap#AP372	30000.0	int16	uV	0.762939453125	0.0	imec1.ap	EXT
AP373	imec1.ap#AP373	30000.0	int16	uV	0.762939453125	0.0	imec1.ap	EXT
AP374	imec1.ap#AP374	30000.0	int16	uV	0.762939453125	0.0	imec1.ap	EXT
AP375	imec1.ap#AP375	30000.0	int16	uV	0.762939453125	0.0	imec1.ap	EXT
AP376	imec1.ap#AP376	30000.0	int16	uV	0.762939453125	0.0	imec1.ap	EXT
AP377	imec1.ap#AP377	30000.0	int16	uV	0.762939453125	0.0	imec1.ap	EXT
AP378	imec1.ap#AP378	30000.0	int16	uV	0.762939453125	0.0	imec1.ap	EXT
AP379	imec1.ap#AP379	30000.0	int16	uV	0.762939453125	0.0	imec1.ap	EXT
AP380	imec1.ap#AP380	30000.0	int16	uV	0.762939453125	0.0	imec1.ap	EXT
AP381	imec1.ap#AP381	30000.0	int16	uV	0.762939453125	0.0	imec1.ap	EXT
AP382	imec1.ap#AP382	30000.0	int16	uV	0.762939453125	0.0	imec1.ap	EXT
AP383	imec1.ap#AP383	30000.0	int16	uV	0.762939453125	0.0	imec1.ap	EXT
AP0	imec0.ap#AP0	30000.0	int16	uV	2.34375	0.0	imec0.ap	EXT
AP1	imec0.ap#AP1	30000.0	int16	uV	2.34375	0.0	imec0.ap	EXT
AP2	imec0.ap#AP2	30000.0	int16	uV	2.34375	0.0	imec0.ap	EXT
AP3	imec0.ap#AP3	30000.0	int16	uV	2.34375	0.0	imec0.ap	EXT
AP4	imec0.ap#AP4	30000.0	int16	uV	2.34375	0.0	imec0.ap	EXT
AP5	imec0.ap#AP5	30000.0	int16	uV	2.34375	0.0	imec0.ap	EXT
AP6	imec0.ap#AP6	30000.0	int16	uV	2.34375	0.0	imec0.ap	EXT
AP7	imec0.ap#AP7	30000.0	int16	uV	2.34375	0.0	imec0.ap	EXT
AP8	imec0.ap#AP8	30000.0	int16	uV	2.34375	0.0	imec0.ap	EXT
AP9	imec0.ap#AP9	30000.0	int16	uV	2.34375	0.0	imec0.ap	EXT
AP10	imec0.ap#AP10	30000.0	int16	uV	2.34375	0.0	imec0.ap	EXT
AP11	imec0.ap#AP11	30000.0	int16	uV	2.34375	0.0	imec0.ap	EXT
AP12	imec0.ap#AP12	30000.0	int16	uV	2.34375	0.0	imec0.ap	EXT
AP13	imec0.ap#AP13	30000.0	int16	uV	2.34375	0.0	imec0.ap	EXT
AP14	imec0.ap#AP14	30000.0	int16	uV	2.34375	0.0	imec0.ap	EXT
AP15	imec0.ap#AP15	30000.0	int16	uV	2.34375	0.0	imec0.ap	EXT
AP16	imec0.ap#AP16	30000.0	int16	uV	2.34375	0.0	imec0.ap	EXT
AP17	imec0.ap#AP17	30000.0	int16	uV	2.34375	0.0	imec0.ap	EXT
AP18	imec0.ap#AP18	30000.0	int16	uV	2.34375	0.0	imec0.ap	EXT
AP19	imec0.ap#AP19	30000.0	int16	uV	2.34375	0.0	imec0.ap	EXT
AP20	imec0.ap#AP20	30000.0	int16	uV	2.34375	0.0	imec0.ap	EXT
AP21	imec0.ap#AP21	30000.0	int16	uV	2.34375	0.0	imec0.ap	EXT
AP22	imec0.ap#AP22	30000.0	int16	uV	2.34375	0.0	imec0.ap	EXT
AP23	imec0.ap#AP23	30000.0	int16	uV	2.34375	0.0	imec0.ap	EXT
AP24	imec0.ap#AP24	30000.0	int16	uV	2.34375	0.0	imec0.ap	EXT
AP25	imec0.ap#AP25	30000.0	int16	uV	2.34375	0.0	imec0.ap	EXT
AP26	imec0.ap#AP26	30000.0	int16	uV	2.34375	0.0	imec0.ap	EXT
AP27	imec0.ap#AP27	30000.0	int16	uV	2.34375	0.0	imec0.ap	EXT
AP28	imec0.ap#AP28	30000.0	int16	uV	2.34375	0.0	imec0.ap	EXT
AP29	imec0.ap#AP29	30000.0	int16	uV	2.34375	0.0	imec0.ap	EXT
AP30	imec0.ap#AP30	30000.0	int16	uV	2.34375	0.0	imec0.ap	EXT
AP31	imec0.ap#AP31	30000.0	int16	uV	2.34375	0.0	imec0.ap	EXT
AP32	imec0.ap#AP32	30000.0	int16	uV	2.34375	0.0	imec0.ap	EXT
AP33	imec0.ap#AP33	30000.0	int16	uV	2.34375	0.0	imec0.ap	EXT
AP34	imec0.ap#AP34	30000.0	int16	uV	2.34375	0.0	imec0.ap	EXT
AP35	imec0.ap#AP35	30000.0	int16	uV	2.34375	0.0	imec0.ap	EXT
AP36	imec0.ap#AP36	30000.0	int16	uV	2.34375	0.0	imec0.ap	EXT
AP37	imec0.ap#AP37	30000.0	int16	uV	2.34375	0.0	imec0.ap	EXT
AP38	imec0.ap#AP38	30000.0	int16	uV	2.34375	0.0	imec0.ap	EXT
AP39	imec0.ap#AP39	30000.0	int16	uV	2.34375	0.0	imec0.ap	EXT
AP40	imec0.ap#AP40	30000.0	int16	uV	2.34375	0.0	imec0.ap	EXT
AP41	imec0.ap#AP41	30000.0	int16	uV	2.34375	0.0	imec0.ap	EXT
AP42	imec0.ap#AP42	30000.0	int16	uV	2.34375	0.0	imec0.ap	EXT
AP43	imec0.ap#AP43	30000.0	int16	uV	2.34375	0.0	imec0.ap	EXT
AP44	imec0.ap#AP44	30000.0	int16	uV	2.34375	0.0	imec0.ap	EXT
AP45	imec0.ap#AP45	30000.0	int16	uV	2.34375	0.0	imec0.ap	EXT
AP46	imec0.ap#AP46	30000.0	int16	uV	2.34375	0.0	imec0.ap	EXT
AP47	imec0.ap#AP47	30000.0	int16	uV	2.34375	0.0	imec0.ap	EXT
AP48	imec0.ap#AP48	30000.0	int16	uV	2.34375	0.0	imec0.ap	EXT
AP49	imec0.ap#AP49	30000.0	int16	uV	2.34375	0.0	imec0.ap	EXT
AP50	imec0.ap#AP50	30000.0	int16	uV	2.34375	0.0	imec0.ap	EXT
AP51	imec0.ap#AP51	30000.0	int16	uV	2.34375	0.0	imec0.ap	EXT
AP52	imec0.ap#AP52	30000.0	int16	uV	2.34375	0.0	imec0.ap	EXT
AP53	imec0.ap#AP53	30000.0	int16	uV	2.34375	0.0	imec0.ap	EXT
AP54	imec0.ap#AP54	30000.0	int16	uV	2.34375	0.0	imec0.ap	EXT
AP55	imec0.ap#AP55	30000.0	int16	uV	2.34375	0.0	imec0.ap	EXT
AP56	imec0.ap#AP56	30000.0	int16	uV	2.34375	0.0	imec0.ap	EXT
AP57	imec0.ap#AP57	30000.0	int16	uV	2.34375	0.0	imec0.ap	EXT
AP58	imec0.ap#AP58	30000.0	int16	uV	2.34375	0.0	imec0.ap	EXT
AP59	imec0.ap#AP59	30000.0	int16	uV	2.34375	0.0	imec0.ap	EXT
AP60	imec0.ap#AP60	30000.0	int16	uV	2.34375	0.0	imec0.ap	EXT
AP61	imec0.ap#AP61	30000.0	int16	uV	2.34375	0.0	imec0.ap	EXT
AP62	imec0.ap#AP62	30000.0	int16	uV	2.34375	0.0	imec0.ap	EXT
AP63	imec0.ap#AP63	30000.0	int16	uV	2.34375	0.0	imec0.ap	EXT
AP64	imec0.ap#AP64	30000.0	int16	uV	2.34375	0.0	imec0.ap	EXT
AP65	imec0.ap#AP65	30000.0	int16	uV	2.34375	0.0	imec0.ap	EXT
AP66	imec0.ap#AP66	30000.0	int16	uV	2.34375	0.0	imec0.ap	EXT
AP67	imec0.ap#AP67	30000.0	int16	uV	2.34375	0.0	imec0.ap	EXT
AP68	imec0.ap#AP68	30000.0	int16	uV	2.34375	0.0	imec0.ap	EXT
AP69	imec0.ap#AP69	30000.0	int16	uV	2.34375	0.0	imec0.ap	EXT
AP70	imec0.ap#AP70	30000.0	int16	uV	2.34375	0.0	imec0.ap	EXT
AP71	imec0.ap#AP71	30000.0	int16	uV	2.34375	0.0	imec0.ap	EXT
AP72	imec0.ap#AP72	30000.0	int16	uV	2.34375	0.0	imec0.ap	EXT
AP73	imec0.ap#AP73	30000.0	int16	uV	2.34375	0.0	imec0.ap	EXT
AP74	imec0.ap#AP74	30000.0	int16	uV	2.34375	0.0	imec0.ap	EXT
AP75	imec0.ap#AP75	30000.0	int16	uV	2.34375	0.0	imec0.ap	EXT
AP76	imec0.ap#AP76	30000.0	int16	uV	2.34375	0.0	imec0.ap	EXT
AP77	imec0.ap#AP77	30000.0	int16	uV	2.34375	0.0	imec0.ap	EXT
AP78	imec0.ap#AP78	30000.0	int16	uV	2.34375	0.0	imec0.ap	EXT
AP79	imec0.ap#AP79	30000.0	int16	uV	2.34375	0.0	imec0.ap	EXT
AP80	imec0.ap#AP80	30000.0	int16	uV	2.34375	0.0	imec0.ap	EXT
AP81	imec0.ap#AP81	30000.0	int16	uV	2.34375	0.0	imec0.ap	EXT
AP82	imec0.ap#AP82	30000.0	int16	uV	2.34375	0.0	imec0.ap	EXT
AP83	imec0.ap#AP83	30000.0	int16	uV	2.34375	0.0	imec0.ap	EXT
AP84	imec0.ap#AP84	30000.0	int16	uV	2.34375	0.0	imec0.ap	EXT
AP85	imec0.ap#AP85	30000.0	int16	uV	2.34375	0.0	imec0.ap	EXT
AP86	imec0.ap#AP86	30000.0	int16	uV	2.34375	0.0	imec0.ap	EXT
AP87	imec0.ap#AP87	30000.0	int16	uV	2.34375	0.0	imec0.ap	EXT
AP88	imec0.ap#AP88	30000.0	int16	uV	2.34375	0.0	imec0.ap	EXT
AP89	imec0.ap#AP89	30000.0	int16	uV	2.34375	0.0	imec0.ap	EXT
AP90	imec0.ap#AP90	30000.0	int16	uV	2.34375	0.0	imec0.ap	EXT
AP91	imec0.ap#AP91	30000.0	int16	uV	2.34375	0.0	imec0.ap	EXT
AP92	imec0.ap#AP92	30000.0	int16	uV	2.34375	0.0	imec0.ap	EXT
AP93	imec0.ap#AP93	30000.0	int16	uV	2.34375	0.0	imec0.ap	EXT
AP94	imec0.ap#AP94	30000.0	int16	uV	2.34375	0.0	imec0.ap	EXT
AP95	imec0.ap#AP95	30000.0	int16	uV	2.34375	0.0	imec0.ap	EXT
AP96	imec0.ap#AP96	30000.0	int16	uV	2.34375	0.0	imec0.ap	EXT
AP97	imec0.ap#AP97	30000.0	int16	uV	2.34375	0.0	imec0.ap	EXT
AP98	imec0.ap#AP98	30000.0	int16	uV	2.34375	0.0	imec0.ap	EXT
AP99	imec0.ap#AP99	30000.0	int16	uV	2.34375	0.0	imec0.ap	EXT
AP100	imec0.ap#AP100	30000.0	int16	uV	2.34375	0.0	imec0.ap	EXT
AP101	imec0.ap#AP101	30000.0	int16	uV	2.34375	0.0	imec0.ap	EXT
AP102	imec0.ap#AP102	30000.0	int16	uV	2.34375	0.0	imec0.ap	EXT
AP103	imec0.ap#AP103	30000.0	int16	uV	2.34375	0.0	imec0.ap	EXT
AP104	imec0.ap#AP104	30000.0	int16	uV	2.34375	0.0	imec0.ap	EXT
AP105	imec0.ap#AP105	30000.0	int16	uV	2.34375	0.0	imec0.ap	EXT
AP106	imec0.ap#AP106	30000.0	int16	uV	2.34375	0.0	imec0.ap	EXT
AP107	imec0.ap#AP107	30000.0	int16	uV	2.34375	0.0	imec0.ap	EXT
AP108	imec0.ap#AP108	30000.0	int16	uV	2.34375	0.0	imec0.ap	EXT
AP109	imec0.ap#AP109	30000.0	int16	uV	2.34375	0.0	imec0.ap	EXT
AP110	imec0.ap#AP110	30000.0	int16	uV	2.34375	0.0	imec0.ap	EXT
AP111	imec0.ap#AP111	30000.0	int16	uV	2.34375	0.0	imec0.ap	EXT
AP112	imec0.ap#AP112	30000.0	int16	uV	2.34375	0.0	imec0.ap	EXT
AP113	imec0.ap#AP113	30000.0	int16	uV	2.34375	0.0	imec0.ap	EXT
AP114	imec0.ap#AP114	30000.0	int16	uV	2.34375	0.0	imec0.ap	EXT
AP115	imec0.ap#AP115	30000.0	int16	uV	2.34375	0.0	imec0.ap	EXT
AP116	imec0.ap#AP116	30000.0	int16	uV	2.34375	0.0	imec0.ap	EXT
AP117	imec0.ap#AP117	30000.0	int16	uV	2.34375	0.0	imec0.ap	EXT
AP118	imec0.ap#AP118	30000.0	int16	uV	2.34375	0.0	imec0.ap	EXT
AP119	imec0.ap#AP119	30000.0	int16	uV	2.34375	0.0	imec0.ap	EXT
AP120	imec0.ap#AP120	30000.0	int16	uV	2.34375	0.0	imec0.ap	EXT
AP121	imec0.ap#AP121	30000.0	int16	uV	2.34375	0.0	imec0.ap	EXT
AP122	imec0.ap#AP122	30000.0	int16	uV	2.34375	0.0	imec0.ap	EXT
AP123	imec0.ap#AP123	30000.0	int16	uV	2.34375	0.0	imec0.ap	EXT
AP124	imec0.ap#AP124	30000.0	int16	uV	2.34375	0.0	imec0.ap	EXT
AP125	imec0.ap#AP125	30000.0	int16	uV	2.34375	0.0	imec0.ap	EXT
AP126	imec0.ap#AP126	30000.0	int16	uV	2.34375	0.0	imec0.ap	EXT
AP127	imec0.ap#AP127	30000.0	int16	uV	2.34375	0.0	imec0.ap	EXT
AP128	imec0.ap#AP128	30000.0	int16	uV	2.34375	0.0	imec0.ap	EXT
AP129	imec0.ap#AP129	30000.0	int16	uV	2.34375	0.0	imec0.ap	EXT
AP130	imec0.ap#AP130	30000.0	int16	uV	2.34375	0.0	imec0.ap	EXT
AP131	imec0.ap#AP131	30000.0	int16	uV	2.34375	0.0	imec0.ap	EXT
AP132	imec0.ap#AP132	30000.0	int16	uV	2.34375	0.0	imec0.ap	EXT
AP133	imec0.ap#AP133	30000.0	int16	uV	2.34375	0.0	imec0.ap	EXT
AP134	imec0.ap#AP134	30000.0	int16	uV	2.34375	0.0	imec0.ap	EXT
AP135	imec0.ap#AP135	30000.0	int16	uV	2.34375	0.0	imec0.ap	EXT
AP136	imec0.ap#AP136	30000.0	int16	uV	2.34375	0.0	imec0.ap	EXT
AP137	imec0.ap#AP137	30000.0	int16	uV	2.34375	0.0	imec0.ap	EXT
AP138	imec0.ap#AP138	30000.0	int16	uV	2.34375	0.0	imec0.ap	EXT
AP139	imec0.ap#AP139	30000.0	int16	uV	2.34375	0.0	imec0.ap	EXT
AP140	imec0.ap#AP140	30000.0	int16	uV	2.34375	0.0	imec0.ap	EXT
AP141	imec0.ap#AP141	30000.0	int16	uV	2.34375	0.0	imec0.ap	EXT
AP142	imec0.ap#AP142	30000.0	int16	uV	2.34375	0.0	imec0.ap	EXT
AP143	imec0.ap#AP143	30000.0	int16	uV	2.34375	0.0	imec0.ap	EXT
AP144	imec0.ap#AP144	30000.0	int16	uV	2.34375	0.0	imec0.ap	EXT
AP145	imec0.ap#AP145	30000.0	int16	uV	2.34375	0.0	imec0.ap	EXT
AP146	imec0.ap#AP146	30000.0	int16	uV	2.34375	0.0	imec0.ap	EXT
AP147	imec0.ap#AP147	30000.0	int16	uV	2.34375	0.0	imec0.ap	EXT
AP148	imec0.ap#AP148	30000.0	int16	uV	2.34375	0.0	imec0.ap	EXT
AP149	imec0.ap#AP149	30000.0	int16	uV	2.34375	0.0	imec0.ap	EXT
AP150	imec0.ap#AP150	30000.0	int16	uV	2.34375	0.0	imec0.ap	EXT
AP151	imec0.ap#AP151	30000.0	int16	uV	2.34375	0.0	imec0.ap	EXT
AP152	imec0.ap#AP152	30000.0	int16	uV	2.34375	0.0	imec0.ap	EXT
AP153	imec0.ap#AP153	30000.0	int16	uV	2.34375	0.0	imec0.ap	EXT
AP154	imec0.ap#AP154	30000.0	int16	uV	2.34375	0.0	imec0.ap	EXT
AP155	imec0.ap#AP155	30000.0	int16	uV	2.34375	0.0	imec0.ap	EXT
AP156	imec0.ap#AP156	30000.0	int16	uV	2.34375	0.0	imec0.ap	EXT
AP157	imec0.ap#AP157	30000.0	int16	uV	2.34375	0.0	imec0.ap	EXT
AP158	imec0.ap#AP158	30000.0	int16	uV	2.34375	0.0	imec0.ap	EXT
AP159	imec0.ap#AP159	30000.0	int16	uV	2.34375	0.0	imec0.ap	EXT
AP160	imec0.ap#AP160	30000.0	int16	uV	2.34375	0.0	imec0.ap	EXT
AP161	imec0.ap#AP161	30000.0	int16	uV	2.34375	0.0	imec0.ap	EXT
AP162	imec0.ap#AP162	30000.0	int16	uV	2.34375	0.0	imec0.ap	EXT
AP163	imec0.ap#AP163	30000.0	int16	uV	2.34375	0.0	imec0.ap	EXT
AP164	imec0.ap#AP164	30000.0	int16	uV	2.34375	0.0	imec0.ap	EXT
AP165	imec0.ap#AP165	30000.0	int16	uV	2.34375	0.0	imec0.ap	EXT
AP166	imec0.ap#AP166	30000.0	int16	uV	2.34375	0.0	imec0.ap	EXT
AP167	imec0.ap#AP167	30000.0	int16	uV	2.34375	0.0	imec0.ap	EXT
AP168	imec0.ap#AP168	30000.0	int16	uV	2.34375	0.0	imec0.ap	EXT
AP169	imec0.ap#AP169	30000.0	int16	uV	2.34375	0.0	imec0.ap	EXT
AP170	imec0.ap#AP170	30000.0	int16	uV	2.34375	0.0	imec0.ap	EXT
AP171	imec0.ap#AP171	30000.0	int16	uV	2.34375	0.0	imec0.ap	EXT
AP172	imec0.ap#AP172	30000.0	int16	uV	2.34375	0.0	imec0.ap	EXT
AP173	imec0.ap#AP173	30000.0	int16	uV	2.34375	0.0	imec0.ap	EXT
AP174	imec0.ap#AP174	30000.0	int16	uV	2.34375	0.0	imec0.ap	EXT
AP175	imec0.ap#AP175	30000.0	int16	uV	2.34375	0.0	imec0.ap	EXT
AP176	imec0.ap#AP176	30000.0	int16	uV	2.34375	0.0	imec0.ap	EXT
AP177	imec0.ap#AP177	30000.0	int16	uV	2.34375	0.0	imec0.ap	EXT
AP178	imec0.ap#AP178	30000.0	int16	uV	2.34375	0.0	imec0.ap	EXT
AP179	imec0.ap#AP179	30000.0	int16	uV	2.34375	0.0	imec0.ap	EXT
AP180	imec0.ap#AP180	30000.0	int16	uV	2.34375	0.0	imec0.ap	EXT
AP181	imec0.ap#AP181	30000.0	int16	uV	2.34375	0.0	imec0.ap	EXT
AP182	imec0.ap#AP182	30000.0	int16	uV	2.34375	0.0	imec0.ap	EXT
AP183	imec0.ap#AP183	30000.0	int16	uV	2.34375	0.0	imec0.ap	EXT
AP184	imec0.ap#AP184	30000.0	int16	uV	2.34375	0.0	imec0.ap	EXT
AP185	imec0.ap#AP185	30000.0	int16	uV	2.34375	0.0	imec0.ap	EXT
AP186	imec0.ap#AP186	30000.0	int16	uV	2.34375	0.0	imec0.ap	EXT
AP187	imec0.ap#AP187	30000.0	int16	uV	2.34375	0.0	imec0.ap	EXT
AP188	imec0.ap#AP188	30000.0	int16	uV	2.34375	0.0	imec0.ap	EXT
AP189	imec0.ap#AP189	30000.0	int16	uV	2.34375	0.0	imec0.ap	EXT
AP190	imec0.ap#AP190	30000.0	int16	uV	2.34375	0.0	imec0.ap	EXT
AP191	imec0.ap#AP191	30000.0	int16	uV	2.34375	0.0	imec0.ap	EXT
AP192	imec0.ap#AP192	30000.0	int16	uV	2.34375	0.0	imec0.ap	EXT
AP193	imec0.ap#AP193	30000.0	int16	uV	2.34375	0.0	imec0.ap	EXT
AP194	imec0.ap#AP194	30000.0	int16	uV	2.34375	0.0	imec0.ap	EXT
AP195	imec0.ap#AP195	30000.0	int16	uV	2.34375	0.0	imec0.ap	EXT
AP196	imec0.ap#AP196	30000.0	int16	uV	2.34375	0.0	imec0.ap	EXT
AP197	imec0.ap#AP197	30000.0	int16	uV	2.34375	0.0	imec0.ap	EXT
AP198	imec0.ap#AP198	30000.0	int16	uV	2.34375	0.0	imec0.ap	EXT
AP199	imec0.ap#AP199	30000.0	int16	uV	2.34375	0.0	imec0.ap	EXT
AP200	imec0.ap#AP200	30000.0	int16	uV	2.34375	0.0	imec0.ap	EXT
AP201	imec0.ap#AP201	30000.0	int16	uV	2.34375	0.0	imec0.ap	EXT
AP202	imec0.ap#AP202	30000.0	int16	uV	2.34375	0.0	imec0.ap	EXT
AP203	imec0.ap#AP203	30000.0	int16	uV	2.34375	0.0	imec0.ap	EXT
AP204	imec0.ap#AP204	30000.0	int16	uV	2.34375	0.0	imec0.ap	EXT
AP205	imec0.ap#AP205	30000.0	int16	uV	2.34375	0.0	imec0.ap	EXT
AP206	imec0.ap#AP206	30000.0	int16	uV	2.34375	0.0	imec0.ap	EXT
AP207	imec0.ap#AP207	30000.0	int16	uV	2.34375	0.0	imec0.ap	EXT
AP208	imec0.ap#AP208	30000.0	int16	uV	2.34375	0.0	imec0.ap	EXT
AP209	imec0.ap#AP209	30000.0	int16	uV	2.34375	0.0	imec0.ap	EXT
AP210	imec0.ap#AP210	30000.0	int16	uV	2.34375	0.0	imec0.ap	EXT
AP211	imec0.ap#AP211	30000.0	int16	uV	2.34375	0.0	imec0.ap	EXT
AP212	imec0.ap#AP212	30000.0	int16	uV	2.34375	0.0	imec0.ap	EXT
AP213	imec0.ap#AP213	30000.0	int16	uV	2.34375	0.0	imec0.ap	EXT
AP214	imec0.ap#AP214	30000.0	int16	uV	2.34375	0.0	imec0.ap	EXT
AP215	imec0.ap#AP215	30000.0	int16	uV	2.34375	0.0	imec0.ap	EXT
AP216	imec0.ap#AP216	30000.0	int16	uV	2.34375	0.0	imec0.ap	EXT
AP217	imec0.ap#AP217	30000.0	int16	uV	2.34375	0.0	imec0.ap	EXT
AP218	imec0.ap#AP218	30000.0	int16	uV	2.34375	0.0	imec0.ap	EXT
AP219	imec0.ap#AP219	30000.0	int16	uV	2.34375	0.0	imec0.ap	EXT
AP220	imec0.ap#AP220	30000.0	int16	uV	2.34375	0.0	imec0.ap	EXT
AP221	imec0.ap#AP221	30000.0	int16	uV	2.34375	0.0	imec0.ap	EXT
AP222	imec0.ap#AP222	30000.0	int16	uV	2.34375	0.0	imec0.ap	EXT
AP223	imec0.ap#AP223	30000.0	int16	uV	2.34375	0.0	imec0.ap	EXT
AP224	imec0.ap#AP224	30000.0	int16	uV	2.34375	0.0	imec0.ap	EXT
AP225	imec0.ap#AP225	30000.0	int16	uV	2.34375	0.0	imec0.ap	EXT
AP226	imec0.ap#AP226	30000.0	int16	uV	2.34375	0.0	imec0.ap	EXT
AP227	imec0.ap#AP227	30000.0	int16	uV	2.34375	0.0	imec0.ap	EXT
AP228	imec0.ap#AP228	30000.0	int16	uV	2.34375	0.0	imec0.ap	EXT
AP229	imec0.ap#AP229	30000.0	int16	uV	2.34375	0.0	imec0.ap	EXT
AP230	imec0.ap#AP230	30000.0	int16	uV	2.34375	0.0	imec0.ap	EXT
AP231	imec0.ap#AP231	30000.0	int16	uV	2.34375	0.0	imec0.ap	EXT
AP232	imec0.ap#AP232	30000.0	int16	uV	2.34375	0.0	imec0.ap	EXT
AP233	imec0.ap#AP233	30000.0	int16	uV	2.34375	0.0	imec0.ap	EXT
AP234	imec0.ap#AP234	30000.0	int16	uV	2.34375	0.0	imec0.ap	EXT
AP235	imec0.ap#AP235	30000.0	int16	uV	2.34375	0.0	imec0.ap	EXT
AP236	imec0.ap#AP236	30000.0	int16	uV	2.34375	0.0	imec0.ap	EXT
AP237	imec0.ap#AP237	30000.0	int16	uV	2.34375	0.0	imec0.ap	EXT
AP238	imec0.ap#AP238	30000.0	int16	uV	2.34375	0.0	imec0.ap	EXT
AP239	imec0.ap#AP239	30000.0	int16	uV	2.34375	0.0	imec0.ap	EXT
AP240	imec0.ap#AP240	30000.0	int16	uV	2.34375	0.0	imec0.ap	EXT
AP241	imec0.ap#AP241	30000.0	int16	uV	2.34375	0.0	imec0.ap	EXT
AP242	imec0.ap#AP242	30000.0	int16	uV	2.34375	0.0	imec0.ap	EXT
AP243	imec0.ap#AP243	30000.0	int16	uV	2.34375	0.0	imec0.ap	EXT
AP244	imec0.ap#AP244	30000.0	int16	uV	2.34375	0.0	imec0.ap	EXT
AP245	imec0.ap#AP245	30000.0	int16	uV	2.34375	0.0	imec0.ap	EXT
AP246	imec0.ap#AP246	30000.0	int16	uV	2.34375	0.0	imec0.ap	EXT
AP247	imec0.ap#AP247	30000.0	int16	uV	2.34375	0.0	imec0.ap	EXT
AP248	imec0.ap#AP248	30000.0	int16	uV	2.34375	0.0	imec0.ap	EXT
AP249	imec0.ap#AP249	30000.0	int16	uV	2.34375	0.0	imec0.ap	EXT
AP250	imec0.ap#AP250	30000.0	int16	uV	2.34375	0.0	imec0.ap	EXT
AP251	imec0.ap#AP251	30000.0	int16	uV	2.34375	0.0	imec0.ap	EXT
AP252	imec0.ap#AP252	30000.0	int16	uV	2.34375	0.0	imec0.ap	EXT
AP253	imec0.ap#AP253	30000.0	int16	uV	2.34375	0.0	imec0.ap	EXT
AP254	imec0.ap#AP254	30000.0	int16	uV	2.34375	0.0	imec0.ap	EXT
AP255	imec0.ap#AP255	30000.0	int16	uV	2.34375	0.0	imec0.ap	EXT
AP256	imec0.ap#AP256	30000.0	int16	uV	2.34375	0.0	imec0.ap	EXT
AP257	imec0.ap#AP257	30000.0	int16	uV	2.34375	0.0	imec0.ap	EXT
AP258	imec0.ap#AP258	30000.0	int16	uV	2.34375	0.0	imec0.ap	EXT
AP259	imec0.ap#AP259	30000.0	int16	uV	2.34375	0.0	imec0.ap	EXT
AP260	imec0.ap#AP260	30000.0	int16	uV	2.34375	0.0	imec0.ap	EXT
AP261	imec0.ap#AP261	30000.0	int16	uV	2.34375	0.0	imec0.ap	EXT
AP262	imec0.ap#AP262	30000.0	int16	uV	2.34375	0.0	imec0.ap	EXT
AP263	imec0.ap#AP263	30000.0	int16	uV	2.34375	0.0	imec0.ap	EXT
AP264	imec0.ap#AP264	30000.0	int16	uV	2.34375	0.0	imec0.ap	EXT
AP265	imec0.ap#AP265	30000.0	int16	uV	2.34375	0.0	imec0.ap	EXT
AP266	imec0.ap#AP266	30000.0	int16	uV	2.34375	0.0	imec0.ap	EXT
AP267	imec0.ap#AP267	30000.0	int16	uV	2.34375	0.0	imec0.ap	EXT
AP268	imec0.ap#AP268	30000.0	int16	uV	2.34375	0.0	imec0.ap	EXT
AP269	imec0.ap#AP269	30000.0	int16	uV	2.34375	0.0	imec0.ap	EXT
AP270	imec0.ap#AP270	30000.0	int16	uV	2.34375	0.0	imec0.ap	EXT
AP271	imec0.ap#AP271	30000.0	int16	uV	2.34375	0.0	imec0.ap	EXT
AP272	imec0.ap#AP272	30000.0	int16	uV	2.34375	0.0	imec0.ap	EXT
AP273	imec0.ap#AP273	30000.0	int16	uV	2.34375	0.0	imec0.ap	EXT
AP274	imec0.ap#AP274	30000.0	int16	uV	2.34375	0.0	imec0.ap	EXT
AP275	imec0.ap#AP275	30000.0	int16	uV	2.34375	0.0	imec0.ap	EXT
AP276	imec0.ap#AP276	30000.0	int16	uV	2.34375	0.0	imec0.ap	EXT
AP277	imec0.ap#AP277	30000.0	int16	uV	2.34375	0.0	imec0.ap	EXT
AP278	imec0.ap#AP278	30000.0	int16	uV	2.34375	0.0	imec0.ap	EXT
AP279	imec0.ap#AP279	30000.0	int16	uV	2.34375	0.0	imec0.ap	EXT
AP280	imec0.ap#AP280	30000.0	int16	uV	2.34375	0.0	imec0.ap	EXT
AP281	imec0.ap#AP281	30000.0	int16	uV	2.34375	0.0	imec0.ap	EXT
AP282	imec0.ap#AP282	30000.0	int16	uV	2.34375	0.0	imec0.ap	EXT
AP283	imec0.ap#AP283	30000.0	int16	uV	2.34375	0.0	imec0.ap	EXT
AP284	imec0.ap#AP284	30000.0	int16	uV	2.34375	0.0	imec0.ap	EXT
AP285	imec0.ap#AP285	30000.0	int16	uV	2.34375	0.0	imec0.ap	EXT
AP286	imec0.ap#AP286	30000.0	int16	uV	2.34375	0.0	imec0.ap	EXT
AP287	imec0.ap#AP287	30000.0	int16	uV	2.34375	0.0	imec0.ap	EXT
AP288	imec0.ap#AP288	30000.0	int16	uV	2.34375	0.0	imec0.ap	EXT
AP289	imec0.ap#AP289	30000.0	int16	uV	2.34375	0.0	imec0.ap	EXT
AP290	imec0.ap#AP290	30000.0	int16	uV	2.34375	0.0	imec0.ap	EXT
AP291	imec0.ap#AP291	30000.0	int16	uV	2.34375	0.0	imec0.ap	EXT
AP292	imec0.ap#AP292	30000.0	int16	uV	2.34375	0.0	imec0.ap	EXT
AP293	imec0.ap#AP293	30000.0	int16	uV	2.34375	0.0	imec0.ap	EXT
AP294	imec0.ap#AP294	30000.0	int16	uV	2.34375	0.0	imec0.ap	EXT
AP295	imec0.ap#AP295	30000.0	int16	uV	2.34375	0.0	imec0.ap	EXT
AP296	imec0.ap#AP296	30000.0	int16	uV	2.34375	0.0	imec0.ap	EXT
AP297	imec0.ap#AP297	30000.0	int16	uV	2.34375	0.0	imec0.ap	EXT
AP298	imec0.ap#AP298	30000.0	int16	uV	2.34375	0.0	imec0.ap	EXT
AP299	imec0.ap#AP299	30000.0	int16	uV	2.34375	0.0	imec0.ap	EXT
AP300	imec0.ap#AP300	30000.0	int16	uV	2.34375	0.0	imec0.ap	EXT
AP301	imec0.ap#AP301	30000.0	int16	uV	2.34375	0.0	imec0.ap	EXT
AP302	imec0.ap#AP302	30000.0	int16	uV	2.34375	0.0	imec0.ap	EXT
AP303	imec0.ap#AP303	30000.0	int16	uV	2.34375	0.0	imec0.ap	EXT
AP304	imec0.ap#AP304	30000.0	int16	uV	2.34375	0.0	imec0.ap	EXT
AP305	imec0.ap#AP305	30000.0	int16	uV	2.34375	0.0	imec0.ap	EXT
AP306	imec0.ap#AP306	30000.0	int16	uV	2.34375	0.0	imec0.ap	EXT
AP307	imec0.ap#AP307	30000.0	int16	uV	2.34375	0.0	imec0.ap	EXT
AP308	imec0.ap#AP308	30000.0	int16	uV	2.34375	0.0	imec0.ap	EXT
AP309	imec0.ap#AP309	30000.0	int16	uV	2.34375	0.0	imec0.ap	EXT
AP310	imec0.ap#AP310	30000.0	int16	uV	2.34375	0.0	imec0.ap	EXT
AP311	imec0.ap#AP311	30000.0	int16	uV	2.34375	0.0	imec0.ap	EXT
AP312	imec0.ap#AP312	30000.0	int16	uV	2.34375	0.0	imec0.ap	EXT
AP313	imec0.ap#AP313	30000.0	int16	uV	2.34375	0.0	imec0.ap	EXT
AP314	imec0.ap#AP314	30000.0	int16	uV	2.34375	0.0	imec0.ap	EXT
AP315	imec0.ap#AP315	30000.0	int16	uV	2.34375	0.0	imec0.ap	EXT
AP316	imec0.ap#AP316	30000.0	int16	uV	2.34375	0.0	imec0.ap	EXT
AP317	imec0.ap#AP317	30000.0	int16	uV	2.34375	0.0	imec0.ap	EXT
AP318	imec0.ap#AP318	30000.0	int16	uV	2.34375	0.0	imec0.ap	EXT
AP319	imec0.ap#AP319	30000.0	int16	uV	2.34375	0.0	imec0.ap	EXT
AP320	imec0.ap#AP320	30000.0	int16	uV	2.34375	0.0	imec0.ap	EXT
AP321	imec0.ap#AP321	30000.0	int16	uV	2.34375	0.0	imec0.ap	EXT
AP322	imec0.ap#AP322	30000.0	int16	uV	2.34375	0.0	imec0.ap	EXT
AP323	imec0.ap#AP323	30000.0	int16	uV	2.34375	0.0	imec0.ap	EXT
AP324	imec0.ap#AP324	30000.0	int16	uV	2.34375	0.0	imec0.ap	EXT
AP325	imec0.ap#AP325	30000.0	int16	uV	2.34375	0.0	imec0.ap	EXT
AP326	imec0.ap#AP326	30000.0	int16	uV	2.34375	0.0	imec0.ap	EXT
AP327	imec0.ap#AP327	30000.0	int16	uV	2.34375	0.0	imec0.ap	EXT
AP328	imec0.ap#AP328	30000.0	int16	uV	2.34375	0.0	imec0.ap	EXT
AP329	imec0.ap#AP329	30000.0	int16	uV	2.34375	0.0	imec0.ap	EXT
AP330	imec0.ap#AP330	30000.0	int16	uV	2.34375	0.0	imec0.ap	EXT
AP331	imec0.ap#AP331	30000.0	int16	uV	2.34375	0.0	imec0.ap	EXT
AP332	imec0.ap#AP332	30000.0	int16	uV	2.34375	0.0	imec0.ap	EXT
AP333	imec0.ap#AP333	30000.0	int16	uV	2.34375	0.0	imec0.ap	EXT
AP334	imec0.ap#AP334	30000.0	int16	uV	2.34375	0.0	imec0.ap	EXT
AP335	imec0.ap#AP335	30000.0	int16	uV	2.34375	0.0	imec0.ap	EXT
AP336	imec0.ap#AP336	30000.0	int16	uV	2.34375	0.0	imec0.ap	EXT
AP337	imec0.ap#AP337	30000.0	int16	uV	2.34375	0.0	imec0.ap	EXT
AP338	imec0.ap#AP338	30000.0	int16	uV	2.34375	0.0	imec0.ap	EXT
AP339	imec0.ap#AP339	30000.0	int16	uV	2.34375	0.0	imec0.ap	EXT
AP340	imec0.ap#AP340	30000.0	int16	uV	2.34375	0.0	imec0.ap	EXT
AP341	imec0.ap#AP341	30000.0	int16	uV	2.34375	0.0	imec0.ap	EXT
AP342	imec0.ap#AP342	30000.0	int16	uV	2.34375	0.0	imec0.ap	EXT
AP343	imec0.ap#AP343	30000.0	int16	uV	2.34375	0.0	imec0.ap	EXT
AP344	imec0.ap#AP344	30000.0	int16	uV	2.34375	0.0	imec0.ap	EXT
AP345	imec0.ap#AP345	30000.0	int16	uV	2.34375	0.0	imec0.ap	EXT
AP346	imec0.ap#AP346	30000.0	int16	uV	2.34375	0.0	imec0.ap	EXT
AP347	imec0.ap#AP347	30000.0	int16	uV	2.34375	0.0	imec0.ap	EXT
AP348	imec0.ap#AP348	30000.0	int16	uV	2.34375	0.0	imec0.ap	EXT
AP349	imec0.ap#AP349	30000.0	int16	uV	2.34375	0.0	imec0.ap	EXT
AP350	imec0.ap#AP350	30000.0	int16	uV	2.34375	0.0	imec0.ap	EXT
AP351	imec0.ap#AP351	30000.0	int16	uV	2.34375	0.0	imec0.ap	EXT
AP352	imec0.ap#AP352	30000.0	int16	uV	2.34375	0.0	imec0.ap	EXT
AP353	imec0.ap#AP353	30000.0	int16	uV	2.34375	0.0	imec0.ap	EXT
AP354	imec0.ap#AP354	30000.0	int16	uV	2.34375	0.0	imec0.ap	EXT
AP355	imec0.ap#AP355	30000.0	int16	uV	2.34375	0.0	imec0.ap	EXT
AP356	imec0.ap#AP356	30000.0	int16	uV	2.34375	0.0	imec0.ap	EXT
AP357	imec0.ap#AP357	30000.0	int16	uV	2.34375	0.0	imec0.ap	EXT
AP358	imec0.ap#AP358	30000.0	int16	uV	2.34375	0.0	imec0.ap	EXT
AP359	imec0.ap#AP359	30000.0	int16	uV	2.34375	0.0	imec0.ap	EXT
AP360	imec0.ap#AP360	30000.0	int16	uV	2.34375	0.0	imec0.ap	EXT
AP361	imec0.ap#AP361	30000.0	int16	uV	2.34375	0.0	imec0.ap	EXT
AP362	imec0.ap#AP362	30000.0	int16	uV	2.34375	0.0	imec0.ap	EXT
AP363	imec0.ap#AP363	30000.0	int16	uV	2.34375	0.0	imec0.ap	EXT
AP364	imec0.ap#AP364	30000.0	int16	uV	2.34375	0.0	imec0.ap	EXT
AP365	imec0.ap#AP365	30000.0	int16	uV	2.34375	0.0	imec0.ap	EXT
AP366	imec0.ap#AP366	30000.0	int16	uV	2.34375	0.0	imec0.ap	EXT
AP367	imec0.ap#AP367	30000.0	int16	uV	2.34375	0.0	imec0.ap	EXT
AP368	imec0.ap#AP368	30000.0	int16	uV	2.34375	0.0	imec0.ap	EXT
AP369	imec0.ap#AP369	30000.0	int16	uV	2.34375	0.0	imec0.ap	EXT
AP370	imec0.ap#AP370	30000.0	int16	uV	2.34375	0.0	imec0.ap	EXT
AP371	imec0.ap#AP371	30000.0	int16	uV	2.34375	0.0	imec0.ap	EXT
AP372	imec0.ap#AP372	30000.0	int16	uV	2.34375	0.0	imec0.ap	EXT
AP373	imec0.ap#AP373	30000.0	int16	uV	2.34375	0.0	imec0.ap	EXT
AP374	imec0.ap#AP374	30000.0	int16	uV	2.34375	0.0	imec0.ap	EXT
AP375	imec0.ap#AP375	30000.0	int16	uV	2.34375	0.0	imec0.ap	EXT
AP376	imec0.ap#AP376	30000.0	int16	uV	2.34375	0.0	imec0.ap	EXT
AP377	imec0.ap#AP377	30000.0	int16	uV	2.34375	0.0	imec0.ap	EXT
AP378	imec0.ap#AP378	30000.0	int16	uV	2.34375	0.0	imec0.ap	EXT
AP379	imec0.ap#AP379	30000.0	int16	uV	2.34375	0.0	imec0.ap	EXT
AP380	imec0.ap#AP380	30000.0	int16	uV	2.34375	0.0	imec0.ap	EXT
AP381	imec0.ap#AP381	30000.0	int16	uV	2.34375	0.0	imec0.ap	EXT
AP382	imec0.ap#AP382	30000.0	int16	uV	2.34375	0.0	imec0.ap	EXT
AP383	imec0.ap#AP383	30000.0	int16	uV	2.34375	0.0	imec0.ap	EXT
XA0	nidq#XA0	25000.0	int16	V	0.000152587890625	0.0	nidq	EXT
XA1	nidq#XA1	25000.0	int16	V	0.000152587890625	0.0	nidq	EXT
XA2	nidq#XA2	25000.0	int16	V	0.000152587890625	0.0	nidq	EXT
XA3	nidq#XA3	25000.0	int16	V	0.000152587890625	0.0	nidq	EXT
XA4	nidq#XA4	25000.0	int16	V	0.000152587890625	0.0	nidq	EXT
XA5	nidq#XA5	25000.0	int16	V	0.000152587890625	0.0	nidq	EXT
XA6	nidq#XA6	25000.0	int16	V	0.000152587890625	0.0	nidq	EXT
XA7	nidq#XA7	25000.0	int16	V	0.000152587890625	0.0	nidq	EXT
LF0	imec0.lf#LF0	2500.0	int16	uV	4.6875	0.0	imec0.lf	EXT
LF1	imec0.lf#LF1	2500.0	int16	uV	4.6875	0.0	imec0.lf	EXT
LF2	imec0.lf#LF2	2500.0	int16	uV	4.6875	0.0	imec0.lf	EXT
LF3	imec0.lf#LF3	2500.0	int16	uV	4.6875	0.0	imec0.lf	EXT
LF4	imec0.lf#LF4	2500.0	int16	uV	4.6875	0.0	imec0.lf	EXT
LF5	imec0.lf#LF5	2500.0	int16	uV	4.6875	0.0	imec0.lf	EXT
LF6	imec0.lf#LF6	2500.0	int16	uV	4.6875	0.0	imec0.lf	EXT
LF7	imec0.lf#LF7	2500.0	int16	uV	4.6875	0.0	imec0.lf	EXT
LF8	imec0.lf#LF8	2500.0	int16	uV	4.6875	0.0	imec0.lf	EXT
LF9	imec0.lf#LF9	2500.0	int16	uV	4.6875	0.0	imec0.lf	EXT
LF10	imec0.lf#LF10	2500.0	int16	uV	4.6875	0.0	imec0.lf	EXT
LF11	imec0.lf#LF11	2500.0	int16	uV	4.6875	0.0	imec0.lf	EXT
LF12	imec0.lf#LF12	2500.0	int16	uV	4.6875	0.0	imec0.lf	EXT
LF13	imec0.lf#LF13	2500.0	int16	uV	4.6875	0.0	imec0.lf	EXT
LF14	imec0.lf#LF14	2500.0	int16	uV	4.6875	0.0	imec0.lf	EXT
LF15	imec0.lf#LF15	2500.0	int16	uV	4.6875	0.0	imec0.lf	EXT
LF16	imec0.lf#LF16	2500.0	int16	uV	4.6875	0.0	imec0.lf	EXT
LF17	imec0.lf#LF17	2500.0	int16	uV	4.6875	0.0	imec0.lf	EXT
LF18	imec0.lf#LF18	2500.0	int16	uV	4.6875	0.0	imec0.lf	EXT
LF19	imec0.lf#LF19	2500.0	int16	uV	4.6875	0.0	imec0.lf	EXT
LF20	imec0.lf#LF20	2500.0	int16	uV	4.6875	0.0	imec0.lf	EXT
LF21	imec0.lf#LF21	2500.0	int16	uV	4.6875	0.0	imec0.lf	EXT
LF22	imec0.lf#LF22	2500.0	int16	uV	4.6875	0.0	imec0.lf	EXT
LF23	imec0.lf#LF23	2500.0	int16	uV	4.6875	0.0	imec0.lf	EXT
LF24	imec0.lf#LF24	2500.0	int16	uV	4.6875	0.0	imec0.lf	EXT
LF25	imec0.lf#LF25	2500.0	int16	uV	4.6875	0.0	imec0.lf	EXT
LF26	imec0.lf#LF26	2500.0	int16	uV	4.6875	0.0	imec0.lf	EXT
LF27	imec0.lf#LF27	2500.0	int16	uV	4.6875	0.0	imec0.lf	EXT
LF28	imec0.lf#LF28	2500.0	int16	uV	4.6875	0.0	imec0.lf	EXT
LF29	imec0.lf#LF29	2500.0	int16	uV	4.6875	0.0	imec0.lf	EXT
LF30	imec0.lf#LF30	2500.0	int16	uV	4.6875	0.0	imec0.lf	EXT
LF31	imec0.lf#LF31	2500.0	int16	uV	4.6875	0.0	imec0.lf	EXT
LF32	imec0.lf#LF32	2500.0	int16	uV	4.6875	0.0	imec0.lf	EXT
LF33	imec0.lf#LF33	2500.0	int16	uV	4.6875	0.0	imec0.lf	EXT
LF34	imec0.lf#LF34	2500.0	int16	uV	4.6875	0.0	imec0.lf	EXT
LF35	imec0.lf#LF35	2500.0	int16	uV	4.6875	0.0	imec0.lf	EXT
LF36	imec0.lf#LF36	2500.0	int16	uV	4.6875	0.0	imec0.lf	EXT
LF37	imec0.lf#LF37	2500.0	int16	uV	4.6875	0.0	imec0.lf	EXT
LF38	imec0.lf#LF38	2500.0	int16	uV	4.6875	0.0	imec0.lf	EXT
LF39	imec0.lf#LF39	2500.0	int16	uV	4.6875	0.0	imec0.lf	EXT
LF40	imec0.lf#LF40	2500.0	int16	uV	4.6875	0.0	imec0.lf	EXT
LF41	imec0.lf#LF41	2500.0	int16	uV	4.6875	0.0	imec0.lf	EXT
LF42	imec0.lf#LF42	2500.0	int16	uV	4.6875	0.0	imec0.lf	EXT
LF43	imec0.lf#LF43	2500.0	int16	uV	4.6875	0.0	imec0.lf	EXT
LF44	imec0.lf#LF44	2500.0	int16	uV	4.6875	0.0	imec0.lf	EXT
LF45	imec0.lf#LF45	2500.0	int16	uV	4.6875	0.0	imec0.lf	EXT
LF46	imec0.lf#LF46	2500.0	int16	uV	4.6875	0.0	imec0.lf	EXT
LF47	imec0.lf#LF47	2500.0	int16	uV	4.6875	0.0	imec0.lf	EXT
LF48	imec0.lf#LF48	2500.0	int16	uV	4.6875	0.0	imec0.lf	EXT
LF49	imec0.lf#LF49	2500.0	int16	uV	4.6875	0.0	imec0.lf	EXT
LF50	imec0.lf#LF50	2500.0	int16	uV	4.6875	0.0	imec0.lf	EXT
LF51	imec0.lf#LF51	2500.0	int16	uV	4.6875	0.0	imec0.lf	EXT
LF52	imec0.lf#LF52	2500.0	int16	uV	4.6875	0.0	imec0.lf	EXT
LF53	imec0.lf#LF53	2500.0	int16	uV	4.6875	0.0	imec0.lf	EXT
LF54	imec0.lf#LF54	2500.0	int16	uV	4.6875	0.0	imec0.lf	EXT
LF55	imec0.lf#LF55	2500.0	int16	uV	4.6875	0.0	imec0.lf	EXT
LF56	imec0.lf#LF56	2500.0	int16	uV	4.6875	0.0	imec0.lf	EXT
LF57	imec0.lf#LF57	2500.0	int16	uV	4.6875	0.0	imec0.lf	EXT
LF58	imec0.lf#LF58	2500.0	int16	uV	4.6875	0.0	imec0.lf	EXT
LF59	imec0.lf#LF59	2500.0	int16	uV	4.6875	0.0	imec0.lf	EXT
LF60	imec0.lf#LF60	2500.0	int16	uV	4.6875	0.0	imec0.lf	EXT
LF61	imec0.lf#LF61	2500.0	int16	uV	4.6875	0.0	imec0.lf	EXT
LF62	imec0.lf#LF62	2500.0	int16	uV	4.6875	0.0	imec0.lf	EXT
LF63	imec0.lf#LF63	2500.0	int16	uV	4.6875	0.0	imec0.lf	EXT
LF64	imec0.lf#LF64	2500.0	int16	uV	4.6875	0.0	imec0.lf	EXT
LF65	imec0.lf#LF65	2500.0	int16	uV	4.6875	0.0	imec0.lf	EXT
LF66	imec0.lf#LF66	2500.0	int16	uV	4.6875	0.0	imec0.lf	EXT
LF67	imec0.lf#LF67	2500.0	int16	uV	4.6875	0.0	imec0.lf	EXT
LF68	imec0.lf#LF68	2500.0	int16	uV	4.6875	0.0	imec0.lf	EXT
LF69	imec0.lf#LF69	2500.0	int16	uV	4.6875	0.0	imec0.lf	EXT
LF70	imec0.lf#LF70	2500.0	int16	uV	4.6875	0.0	imec0.lf	EXT
LF71	imec0.lf#LF71	2500.0	int16	uV	4.6875	0.0	imec0.lf	EXT
LF72	imec0.lf#LF72	2500.0	int16	uV	4.6875	0.0	imec0.lf	EXT
LF73	imec0.lf#LF73	2500.0	int16	uV	4.6875	0.0	imec0.lf	EXT
LF74	imec0.lf#LF74	2500.0	int16	uV	4.6875	0.0	imec0.lf	EXT
LF75	imec0.lf#LF75	2500.0	int16	uV	4.6875	0.0	imec0.lf	EXT
LF76	imec0.lf#LF76	2500.0	int16	uV	4.6875	0.0	imec0.lf	EXT
LF77	imec0.lf#LF77	2500.0	int16	uV	4.6875	0.0	imec0.lf	EXT
LF78	imec0.lf#LF78	2500.0	int16	uV	4.6875	0.0	imec0.lf	EXT
LF79	imec0.lf#LF79	2500.0	int16	uV	4.6875	0.0	imec0.lf	EXT
LF80	imec0.lf#LF80	2500.0	int16	uV	4.6875	0.0	imec0.lf	EXT
LF81	imec0.lf#LF81	2500.0	int16	uV	4.6875	0.0	imec0.lf	EXT
LF82	imec0.lf#LF82	2500.0	int16	uV	4.6875	0.0	imec0.lf	EXT
LF83	imec0.lf#LF83	2500.0	int16	uV	4.6875	0.0	imec0.lf	EXT
LF84	imec0.lf#LF84	2500.0	int16	uV	4.6875	0.0	imec0.lf	EXT
LF85	imec0.lf#LF85	2500.0	int16	uV	4.6875	0.0	imec0.lf	EXT
LF86	imec0.lf#LF86	2500.0	int16	uV	4.6875	0.0	imec0.lf	EXT
LF87	imec0.lf#LF87	2500.0	int16	uV	4.6875	0.0	imec0.lf	EXT
LF88	imec0.lf#LF88	2500.0	int16	uV	4.6875	0.0	imec0.lf	EXT
LF89	imec0.lf#LF89	2500.0	int16	uV	4.6875	0.0	imec0.lf	EXT
LF90	imec0.lf#LF90	2500.0	int16	uV	4.6875	0.0	imec0.lf	EXT
LF91	imec0.lf#LF91	2500.0	int16	uV	4.6875	0.0	imec0.lf	EXT
LF92	imec0.lf#LF92	2500.0	int16	uV	4.6875	0.0	imec0.lf	EXT
LF93	imec0.lf#LF93	2500.0	int16	uV	4.6875	0.0	imec0.lf	EXT
LF94	imec0.lf#LF94	2500.0	int16	uV	4.6875	0.0	imec0.lf	EXT
LF95	imec0.lf#LF95	2500.0	int16	uV	4.6875	0.0	imec0.lf	EXT
LF96	imec0.lf#LF96	2500.0	int16	uV	4.6875	0.0	imec0.lf	EXT
LF97	imec0.lf#LF97	2500.0	int16	uV	4.6875	0.0	imec0.lf	EXT
LF98	imec0.lf#LF98	2500.0	int16	uV	4.6875	0.0	imec0.lf	EXT
LF99	imec0.lf#LF99	2500.0	int16	uV	4.6875	0.0	imec0.lf	EXT
LF100	imec0.lf#LF100	2500.0	int16	uV	4.6875	0.0	imec0.lf	EXT
LF101	imec0.lf#LF101	2500.0	int16	uV	4.6875	0.0	imec0.lf	EXT
LF102	imec0.lf#LF102	2500.0	int16	uV	4.6875	0.0	imec0.lf	EXT
LF103	imec0.lf#LF103	2500.0	int16	uV	4.6875	0.0	imec0.lf	EXT
LF104	imec0.lf#LF104	2500.0	int16	uV	4.6875	0.0	imec0.lf	EXT
LF105	imec0.lf#LF105	2500.0	int16	uV	4.6875	0.0	imec0.lf	EXT
LF106	imec0.lf#LF106	2500.0	int16	uV	4.6875	0.0	imec0.lf	EXT
LF107	imec0.lf#LF107	2500.0	int16	uV	4.6875	0.0	imec0.lf	EXT
LF108	imec0.lf#LF108	2500.0	int16	uV	4.6875	0.0	imec0.lf	EXT
LF109	imec0.lf#LF109	2500.0	int16	uV	4.6875	0.0	imec0.lf	EXT
LF110	imec0.lf#LF110	2500.0	int16	uV	4.6875	0.0	imec0.lf	EXT
LF111	imec0.lf#LF111	2500.0	int16	uV	4.6875	0.0	imec0.lf	EXT
LF112	imec0.lf#LF112	2500.0	int16	uV	4.6875	0.0	imec0.lf	EXT
LF113	imec0.lf#LF113	2500.0	int16	uV	4.6875	0.0	imec0.lf	EXT
LF114	imec0.lf#LF114	2500.0	int16	uV	4.6875	0.0	imec0.lf	EXT
LF115	imec0.lf#LF115	2500.0	int16	uV	4.6875	0.0	imec0.lf	EXT
LF116	imec0.lf#LF116	2500.0	int16	uV	4.6875	0.0	imec0.lf	EXT
LF117	imec0.lf#LF117	2500.0	int16	uV	4.6875	0.0	imec0.lf	EXT
LF118	imec0.lf#LF118	2500.0	int16	uV	4.6875	0.0	imec0.lf	EXT
LF119	imec0.lf#LF119	2500.0	int16	uV	4.6875	0.0	imec0.lf	EXT
LF120	imec0.lf#LF120	2500.0	int16	uV	4.6875	0.0	imec0.lf	EXT
LF121	imec0.lf#LF121	2500.0	int16	uV	4.6875	0.0	imec0.lf	EXT
LF122	imec0.lf#LF122	2500.0	int16	uV	4.6875	0.0	imec0.lf	EXT
LF123	imec0.lf#LF123	2500.0	int16	uV	4.6875	0.0	imec0.lf	EXT
LF124	imec0.lf#LF124	2500.0	int16	uV	4.6875	0.0	imec0.lf	EXT
LF125	imec0.lf#LF125	2500.0	int16	uV	4.6875	0.0	imec0.lf	EXT
LF126	imec0.lf#LF126	2500.0	int16	uV	4.6875	0.0	imec0.lf	EXT
LF127	imec0.lf#LF127	2500.0	int16	uV	4.6875	0.0	imec0.lf	EXT
LF128	imec0.lf#LF128	2500.0	int16	uV	4.6875	0.0	imec0.lf	EXT
LF129	imec0.lf#LF129	2500.0	int16	uV	4.6875	0.0	imec0.lf	EXT
LF130	imec0.lf#LF130	2500.0	int16	uV	4.6875	0.0	imec0.lf	EXT
LF131	imec0.lf#LF131	2500.0	int16	uV	4.6875	0.0	imec0.lf	EXT
LF132	imec0.lf#LF132	2500.0	int16	uV	4.6875	0.0	imec0.lf	EXT
LF133	imec0.lf#LF133	2500.0	int16	uV	4.6875	0.0	imec0.lf	EXT
LF134	imec0.lf#LF134	2500.0	int16	uV	4.6875	0.0	imec0.lf	EXT
LF135	imec0.lf#LF135	2500.0	int16	uV	4.6875	0.0	imec0.lf	EXT
LF136	imec0.lf#LF136	2500.0	int16	uV	4.6875	0.0	imec0.lf	EXT
LF137	imec0.lf#LF137	2500.0	int16	uV	4.6875	0.0	imec0.lf	EXT
LF138	imec0.lf#LF138	2500.0	int16	uV	4.6875	0.0	imec0.lf	EXT
LF139	imec0.lf#LF139	2500.0	int16	uV	4.6875	0.0	imec0.lf	EXT
LF140	imec0.lf#LF140	2500.0	int16	uV	4.6875	0.0	imec0.lf	EXT
LF141	imec0.lf#LF141	2500.0	int16	uV	4.6875	0.0	imec0.lf	EXT
LF142	imec0.lf#LF142	2500.0	int16	uV	4.6875	0.0	imec0.lf	EXT
LF143	imec0.lf#LF143	2500.0	int16	uV	4.6875	0.0	imec0.lf	EXT
LF144	imec0.lf#LF144	2500.0	int16	uV	4.6875	0.0	imec0.lf	EXT
LF145	imec0.lf#LF145	2500.0	int16	uV	4.6875	0.0	imec0.lf	EXT
LF146	imec0.lf#LF146	2500.0	int16	uV	4.6875	0.0	imec0.lf	EXT
LF147	imec0.lf#LF147	2500.0	int16	uV	4.6875	0.0	imec0.lf	EXT
LF148	imec0.lf#LF148	2500.0	int16	uV	4.6875	0.0	imec0.lf	EXT
LF149	imec0.lf#LF149	2500.0	int16	uV	4.6875	0.0	imec0.lf	EXT
LF150	imec0.lf#LF150	2500.0	int16	uV	4.6875	0.0	imec0.lf	EXT
LF151	imec0.lf#LF151	2500.0	int16	uV	4.6875	0.0	imec0.lf	EXT
LF152	imec0.lf#LF152	2500.0	int16	uV	4.6875	0.0	imec0.lf	EXT
LF153	imec0.lf#LF153	2500.0	int16	uV	4.6875	0.0	imec0.lf	EXT
LF154	imec0.lf#LF154	2500.0	int16	uV	4.6875	0.0	imec0.lf	EXT
LF155	imec0.lf#LF155	2500.0	int16	uV	4.6875	0.0	imec0.lf	EXT
LF156	imec0.lf#LF156	2500.0	int16	uV	4.6875	0.0	imec0.lf	EXT
LF157	imec0.lf#LF157	2500.0	int16	uV	4.6875	0.0	imec0.lf	EXT
LF158	imec0.lf#LF158	2500.0	int16	uV	4.6875	0.0	imec0.lf	EXT
LF159	imec0.lf#LF159	2500.0	int16	uV	4.6875	0.0	imec0.lf	EXT
LF160	imec0.lf#LF160	2500.0	int16	uV	4.6875	0.0	imec0.lf	EXT
LF161	imec0.lf#LF161	2500.0	int16	uV	4.6875	0.0	imec0.lf	EXT
LF162	imec0.lf#LF162	2500.0	int16	uV	4.6875	0.0	imec0.lf	EXT
LF163	imec0.lf#LF163	2500.0	int16	uV	4.6875	0.0	imec0.lf	EXT
LF164	imec0.lf#LF164	2500.0	int16	uV	4.6875	0.0	imec0.lf	EXT
LF165	imec0.lf#LF165	2500.0	int16	uV	4.6875	0.0	imec0.lf	EXT
LF166	imec0.lf#LF166	2500.0	int16	uV	4.6875	0.0	imec0.lf	EXT
LF167	imec0.lf#LF167	2500.0	int16	uV	4.6875	0.0	imec0.lf	EXT
LF168	imec0.lf#LF168	2500.0	int16	uV	4.6875	0.0	imec0.lf	EXT
LF169	imec0.lf#LF169	2500.0	int16	uV	4.6875	0.0	imec0.lf	EXT
LF170	imec0.lf#LF170	2500.0	int16	uV	4.6875	0.0	imec0.lf	EXT
LF171	imec0.lf#LF171	2500.0	int16	uV	4.6875	0.0	imec0.lf	EXT
LF172	imec0.lf#LF172	2500.0	int16	uV	4.6875	0.0	imec0.lf	EXT
LF173	imec0.lf#LF173	2500.0	int16	uV	4.6875	0.0	imec0.lf	EXT
LF174	imec0.lf#LF174	2500.0	int16	uV	4.6875	0.0	imec0.lf	EXT
LF175	imec0.lf#LF175	2500.0	int16	uV	4.6875	0.0	imec0.lf	EXT
LF176	imec0.lf#LF176	2500.0	int16	uV	4.6875	0.0	imec0.lf	EXT
LF177	imec0.lf#LF177	2500.0	int16	uV	4.6875	0.0	imec0.lf	EXT
LF178	imec0.lf#LF178	2500.0	int16	uV	4.6875	0.0	imec0.lf	EXT
LF179	imec0.lf#LF179	2500.0	int16	uV	4.6875	0.0	imec0.lf	EXT
LF180	imec0.lf#LF180	2500.0	int16	uV	4.6875	0.0	imec0.lf	EXT
LF181	imec0.lf#LF181	2500.0	int16	uV	4.6875	0.0	imec0.lf	EXT
LF182	imec0.lf#LF182	2500.0	int16	uV	4.6875	0.0	imec0.lf	EXT
LF183	imec0.lf#LF183	2500.0	int16	uV	4.6875	0.0	imec0.lf	EXT
LF184	imec0.lf#LF184	2500.0	int16	uV	4.6875	0.0	imec0.lf	EXT
LF185	imec0.lf#LF185	2500.0	int16	uV	4.6875	0.0	imec0.lf	EXT
LF186	imec0.lf#LF186	2500.0	int16	uV	4.6875	0.0	imec0.lf	EXT
LF187	imec0.lf#LF187	2500.0	int16	uV	4.6875	0.0	imec0.lf	EXT
LF188	imec0.lf#LF188	2500.0	int16	uV	4.6875	0.0	imec0.lf	EXT
LF189	imec0.lf#LF189	2500.0	int16	uV	4.6875	0.0	imec0.lf	EXT
LF190	imec0.lf#LF190	2500.0	int16	uV	4.6875	0.0	imec0.lf	EXT
LF191	imec0.lf#LF191	2500.0	int16	uV	4.6875	0.0	imec0.lf	EXT
LF192	imec0.lf#LF192	2500.0	int16	uV	4.6875	0.0	imec0.lf	EXT
LF193	imec0.lf#LF193	2500.0	int16	uV	4.6875	0.0	imec0.lf	EXT
LF194	imec0.lf#LF194	2500.0	int16	uV	4.6875	0.0	imec0.lf	EXT
LF195	imec0.lf#LF195	2500.0	int16	uV	4.6875	0.0	imec0.lf	EXT
LF196	imec0.lf#LF196	2500.0	int16	uV	4.6875	0.0	imec0.lf	EXT
LF197	imec0.lf#LF197	2500.0	int16	uV	4.6875	0.0	imec0.lf	EXT
LF198	imec0.lf#LF198	2500.0	int16	uV	4.6875	0.0	imec0.lf	EXT
LF199	imec0.lf#LF199	2500.0	int16	uV	4.6875	0.0	imec0.lf	EXT
LF200	imec0.lf#LF200	2500.0	int16	uV	4.6875	0.0	imec0.lf	EXT
LF201	imec0.lf#LF201	2500.0	int16	uV	4.6875	0.0	imec0.lf	EXT
LF202	imec0.lf#LF202	2500.0	int16	uV	4.6875	0.0	imec0.lf	EXT
LF203	imec0.lf#LF203	2500.0	int16	uV	4.6875	0.0	imec0.lf	EXT
LF204	imec0.lf#LF204	2500.0	int16	uV	4.6875	0.0	imec0.lf	EXT
LF205	imec0.lf#LF205	2500.0	int16	uV	4.6875	0.0	imec0.lf	EXT
LF206	imec0.lf#LF206	2500.0	int16	uV	4.6875	0.0	imec0.lf	EXT
LF207	imec0.lf#LF207	2500.0	int16	uV	4.6875	0.0	imec0.lf	EXT
LF208	imec0.lf#LF208	2500.0	int16	uV	4.6875	0.0	imec0.lf	EXT
LF209	imec0.lf#LF209	2500.0	int16	uV	4.6875	0.0	imec0.lf	EXT
LF210	imec0.lf#LF210	2500.0	int16	uV	4.6875	0.0	imec0.lf	EXT
LF211	imec0.lf#LF211	2500.0	int16	uV	4.6875	0.0	imec0.lf	EXT
LF212	imec0.lf#LF212	2500.0	int16	uV	4.6875	0.0	imec0.lf	EXT
LF213	imec0.lf#LF213	2500.0	int16	uV	4.6875	0.0	imec0.lf	EXT
LF214	imec0.lf#LF214	2500.0	int16	uV	4.6875	0.0	imec0.lf	EXT
LF215	imec0.lf#LF215	2500.0	int16	uV	4.6875	0.0	imec0.lf	EXT
LF216	imec0.lf#LF216	2500.0	int16	uV	4.6875	0.0	imec0.lf	EXT
LF217	imec0.lf#LF217	2500.0	int16	uV	4.6875	0.0	imec0.lf	EXT
LF218	imec0.lf#LF218	2500.0	int16	uV	4.6875	0.0	imec0.lf	EXT
LF219	imec0.lf#LF219	2500.0	int16	uV	4.6875	0.0	imec0.lf	EXT
LF220	imec0.lf#LF220	2500.0	int16	uV	4.6875	0.0	imec0.lf	EXT
LF221	imec0.lf#LF221	2500.0	int16	uV	4.6875	0.0	imec0.lf	EXT
LF222	imec0.lf#LF222	2500.0	int16	uV	4.6875	0.0	imec0.lf	EXT
LF223	imec0.lf#LF223	2500.0	int16	uV	4.6875	0.0	imec0.lf	EXT
LF224	imec0.lf#LF224	2500.0	int16	uV	4.6875	0.0	imec0.lf	EXT
LF225	imec0.lf#LF225	2500.0	int16	uV	4.6875	0.0	imec0.lf	EXT
LF226	imec0.lf#LF226	2500.0	int16	uV	4.6875	0.0	imec0.lf	EXT
LF227	imec0.lf#LF227	2500.0	int16	uV	4.6875	0.0	imec0.lf	EXT
LF228	imec0.lf#LF228	2500.0	int16	uV	4.6875	0.0	imec0.lf	EXT
LF229	imec0.lf#LF229	2500.0	int16	uV	4.6875	0.0	imec0.lf	EXT
LF230	imec0.lf#LF230	2500.0	int16	uV	4.6875	0.0	imec0.lf	EXT
LF231	imec0.lf#LF231	2500.0	int16	uV	4.6875	0.0	imec0.lf	EXT
LF232	imec0.lf#LF232	2500.0	int16	uV	4.6875	0.0	imec0.lf	EXT
LF233	imec0.lf#LF233	2500.0	int16	uV	4.6875	0.0	imec0.lf	EXT
LF234	imec0.lf#LF234	2500.0	int16	uV	4.6875	0.0	imec0.lf	EXT
LF235	imec0.lf#LF235	2500.0	int16	uV	4.6875	0.0	imec0.lf	EXT
LF236	imec0.lf#LF236	2500.0	int16	uV	4.6875	0.0	imec0.lf	EXT
LF237	imec0.lf#LF237	2500.0	int16	uV	4.6875	0.0	imec0.lf	EXT
LF238	imec0.lf#LF238	2500.0	int16	uV	4.6875	0.0	imec0.lf	EXT
LF239	imec0.lf#LF239	2500.0	int16	uV	4.6875	0.0	imec0.lf	EXT
LF240	imec0.lf#LF240	2500.0	int16	uV	4.6875	0.0	imec0.lf	EXT
LF241	imec0.lf#LF241	2500.0	int16	uV	4.6875	0.0	imec0.lf	EXT
LF242	imec0.lf#LF242	2500.0	int16	uV	4.6875	0.0	imec0.lf	EXT
LF243	imec0.lf#LF243	2500.0	int16	uV	4.6875	0.0	imec0.lf	EXT
LF244	imec0.lf#LF244	2500.0	int16	uV	4.6875	0.0	imec0.lf	EXT
LF245	imec0.lf#LF245	2500.0	int16	uV	4.6875	0.0	imec0.lf	EXT
LF246	imec0.lf#LF246	2500.0	int16	uV	4.6875	0.0	imec0.lf	EXT
LF247	imec0.lf#LF247	2500.0	int16	uV	4.6875	0.0	imec0.lf	EXT
LF248	imec0.lf#LF248	2500.0	int16	uV	4.6875	0.0	imec0.lf	EXT
LF249	imec0.lf#LF249	2500.0	int16	uV	4.6875	0.0	imec0.lf	EXT
LF250	imec0.lf#LF250	2500.0	int16	uV	4.6875	0.0	imec0.lf	EXT
LF251	imec0.lf#LF251	2500.0	int16	uV	4.6875	0.0	imec0.lf	EXT
LF252	imec0.lf#LF252	2500.0	int16	uV	4.6875	0.0	imec0.lf	EXT
LF253	imec0.lf#LF253	2500.0	int16	uV	4.6875	0.0	imec0.lf	EXT
LF254	imec0.lf#LF254	2500.0	int16	uV	4.6875	0.0	imec0.lf	EXT
LF255	imec0.lf#LF255	2500.0	int16	uV	4.6875	0.0	imec0.lf	EXT
LF256	imec0.lf#LF256	2500.0	int16	uV	4.6875	0.0	imec0.lf	EXT
LF257	imec0.lf#LF257	2500.0	int16	uV	4.6875	0.0	imec0.lf	EXT
LF258	imec0.lf#LF258	2500.0	int16	uV	4.6875	0.0	imec0.lf	EXT
LF259	imec0.lf#LF259	2500.0	int16	uV	4.6875	0.0	imec0.lf	EXT
LF260	imec0.lf#LF260	2500.0	int16	uV	4.6875	0.0	imec0.lf	EXT
LF261	imec0.lf#LF261	2500.0	int16	uV	4.6875	0.0	imec0.lf	EXT
LF262	imec0.lf#LF262	2500.0	int16	uV	4.6875	0.0	imec0.lf	EXT
LF263	imec0.lf#LF263	2500.0	int16	uV	4.6875	0.0	imec0.lf	EXT
LF264	imec0.lf#LF264	2500.0	int16	uV	4.6875	0.0	imec0.lf	EXT
LF265	imec0.lf#LF265	2500.0	int16	uV	4.6875	0.0	imec0.lf	EXT
LF266	imec0.lf#LF266	2500.0	int16	uV	4.6875	0.0	imec0.lf	EXT
LF267	imec0.lf#LF267	2500.0	int16	uV	4.6875	0.0	imec0.lf	EXT
LF268	imec0.lf#LF268	2500.0	int16	uV	4.6875	0.0	imec0.lf	EXT
LF269	imec0.lf#LF269	2500.0	int16	uV	4.6875	0.0	imec0.lf	EXT
LF270	imec0.lf#LF270	2500.0	int16	uV	4.6875	0.0	imec0.lf	EXT
LF271	imec0.lf#LF271	2500.0	int16	uV	4.6875	0.0	imec0.lf	EXT
LF272	imec0.lf#LF272	2500.0	int16	uV	4.6875	0.0	imec0.lf	EXT
LF273	imec0.lf#LF273	2500.0	int16	uV	4.6875	0.0	imec0.lf	EXT
LF274	imec0.lf#LF274	2500.0	int16	uV	4.6875	0.0	imec0.lf	EXT
LF275	imec0.lf#LF275	2500.0	int16	uV	4.6875	0.0	imec0.lf	EXT
LF276	imec0.lf#LF276	2500.0	int16	uV	4.6875	0.0	imec0.lf	EXT
LF277	imec0.lf#LF277	2500.0	int16	uV	4.6875	0.0	imec0.lf	EXT
LF278	imec0.lf#LF278	2500.0	int16	uV	4.6875	0.0	imec0.lf	EXT
LF279	imec0.lf#LF279	2500.0	int16	uV	4.6875	0.0	imec0.lf	EXT
LF280	imec0.lf#LF280	2500.0	int16	uV	4.6875	0.0	imec0.lf	EXT
LF281	imec0.lf#LF281	2500.0	int16	uV	4.6875	0.0	imec0.lf	EXT
LF282	imec0.lf#LF282	2500.0	int16	uV	4.6875	0.0	imec0.lf	EXT
LF283	imec0.lf#LF283	2500.0	int16	uV	4.6875	0.0	imec0.lf	EXT
LF284	imec0.lf#LF284	2500.0	int16	uV	4.6875	0.0	imec0.lf	EXT
LF285	imec0.lf#LF285	2500.0	int16	uV	4.6875	0.0	imec0.lf	EXT
LF286	imec0.lf#LF286	2500.0	int16	uV	4.6875	0.0	imec0.lf	EXT
LF287	imec0.lf#LF287	2500.0	int16	uV	4.6875	0.0	imec0.lf	EXT
LF288	imec0.lf#LF288	2500.0	int16	uV	4.6875	0.0	imec0.lf	EXT
LF289	imec0.lf#LF289	2500.0	int16	uV	4.6875	0.0	imec0.lf	EXT
LF290	imec0.lf#LF290	2500.0	int16	uV	4.6875	0.0	imec0.lf	EXT
LF291	imec0.lf#LF291	2500.0	int16	uV	4.6875	0.0	imec0.lf	EXT
LF292	imec0.lf#LF292	2500.0	int16	uV	4.6875	0.0	imec0.lf	EXT
LF293	imec0.lf#LF293	2500.0	int16	uV	4.6875	0.0	imec0.lf	EXT
LF294	imec0.lf#LF294	2500.0	int16	uV	4.6875	0.0	imec0.lf	EXT
LF295	imec0.lf#LF295	2500.0	int16	uV	4.6875	0.0	imec0.lf	EXT
LF296	imec0.lf#LF296	2500.0	int16	uV	4.6875	0.0	imec0.lf	EXT
LF297	imec0.lf#LF297	2500.0	int16	uV	4.6875	0.0	imec0.lf	EXT
LF298	imec0.lf#LF298	2500.0	int16	uV	4.6875	0.0	imec0.lf	EXT
LF299	imec0.lf#LF299	2500.0	int16	uV	4.6875	0.0	imec0.lf	EXT
LF300	imec0.lf#LF300	2500.0	int16	uV	4.6875	0.0	imec0.lf	EXT
LF301	imec0.lf#LF301	2500.0	int16	uV	4.6875	0.0	imec0.lf	EXT
LF302	imec0.lf#LF302	2500.0	int16	uV	4.6875	0.0	imec0.lf	EXT
LF303	imec0.lf#LF303	2500.0	int16	uV	4.6875	0.0	imec0.lf	EXT
LF304	imec0.lf#LF304	2500.0	int16	uV	4.6875	0.0	imec0.lf	EXT
LF305	imec0.lf#LF305	2500.0	int16	uV	4.6875	0.0	imec0.lf	EXT
LF306	imec0.lf#LF306	2500.0	int16	uV	4.6875	0.0	imec0.lf	EXT
LF307	imec0.lf#LF307	2500.0	int16	uV	4.6875	0.0	imec0.lf	EXT
LF308	imec0.lf#LF308	2500.0	int16	uV	4.6875	0.0	imec0.lf	EXT
LF309	imec0.lf#LF309	2500.0	int16	uV	4.6875	0.0	imec0.lf	EXT
LF310	imec0.lf#LF310	2500.0	int16	uV	4.6875	0.0	imec0.lf	EXT
LF311	imec0.lf#LF311	2500.0	int16	uV	4.6875	0.0	imec0.lf	EXT
LF312	imec0.lf#LF312	2500.0	int16	uV	4.6875	0.0	imec0.lf	EXT
LF313	imec0.lf#LF313	2500.0	int16	uV	4.6875	0.0	imec0.lf	EXT
LF314	imec0.lf#LF314	2500.0	int16	uV	4.6875	0.0	imec0.lf	EXT
LF315	imec0.lf#LF315	2500.0	int16	uV	4.6875	0.0	imec0.lf	EXT
LF316	imec0.lf#LF316	2500.0	int16	uV	4.6875	0.0	imec0.lf	EXT
LF317	imec0.lf#LF317	2500.0	int16	uV	4.6875	0.0	imec0.lf	EXT
LF318	imec0.lf#LF318	2500.0	int16	uV	4.6875	0.0	imec0.lf	EXT
LF319	imec0.lf#LF319	2500.0	int16	uV	4.6875	0.0	imec0.lf	EXT
LF320	imec0.lf#LF320	2500.0	int16	uV	4.6875	0.0	imec0.lf	EXT
LF321	imec0.lf#LF321	2500.0	int16	uV	4.6875	0.0	imec0.lf	EXT
LF322	imec0.lf#LF322	2500.0	int16	uV	4.6875	0.0	imec0.lf	EXT
LF323	imec0.lf#LF323	2500.0	int16	uV	4.6875	0.0	imec0.lf	EXT
LF324	imec0.lf#LF324	2500.0	int16	uV	4.6875	0.0	imec0.lf	EXT
LF325	imec0.lf#LF325	2500.0	int16	uV	4.6875	0.0	imec0.lf	EXT
LF326	imec0.lf#LF326	2500.0	int16	uV	4.6875	0.0	imec0.lf	EXT
LF327	imec0.lf#LF327	2500.0	int16	uV	4.6875	0.0	imec0.lf	EXT
LF328	imec0.lf#LF328	2500.0	int16	uV	4.6875	0.0	imec0.lf	EXT
LF329	imec0.lf#LF329	2500.0	int16	uV	4.6875	0.0	imec0.lf	EXT
LF330	imec0.lf#LF330	2500.0	int16	uV	4.6875	0.0	imec0.lf	EXT
LF331	imec0.lf#LF331	2500.0	int16	uV	4.6875	0.0	imec0.lf	EXT
LF332	imec0.lf#LF332	2500.0	int16	uV	4.6875	0.0	imec0.lf	EXT
LF333	imec0.lf#LF333	2500.0	int16	uV	4.6875	0.0	imec0.lf	EXT
LF334	imec0.lf#LF334	2500.0	int16	uV	4.6875	0.0	imec0.lf	EXT
LF335	imec0.lf#LF335	2500.0	int16	uV	4.6875	0.0	imec0.lf	EXT
LF336	imec0.lf#LF336	2500.0	int16	uV	4.6875	0.0	imec0.lf	EXT
LF337	imec0.lf#LF337	2500.0	int16	uV	4.6875	0.0	imec0.lf	EXT
LF338	imec0.lf#LF338	2500.0	int16	uV	4.6875	0.0	imec0.lf	EXT
LF339	imec0.lf#LF339	2500.0	int16	uV	4.6875	0.0	imec0.lf	EXT
LF340	imec0.lf#LF340	2500.0	int16	uV	4.6875	0.0	imec0.lf	EXT
LF341	imec0.lf#LF341	2500.0	int16	uV	4.6875	0.0	imec0.lf	EXT
LF342	imec0.lf#LF342	2500.0	int16	uV	4.6875	0.0	imec0.lf	EXT
LF343	imec0.lf#LF343	2500.0	int16	uV	4.6875	0.0	imec0.lf	EXT
LF344	imec0.lf#LF344	2500.0	int16	uV	4.6875	0.0	imec0.lf	EXT
LF345	imec0.lf#LF345	2500.0	int16	uV	4.6875	0.0	imec0.lf	EXT
LF346	imec0.lf#LF346	2500.0	int16	uV	4.6875	0.0	imec0.lf	EXT
LF347	imec0.lf#LF347	2500.0	int16	uV	4.6875	0.0	imec0.lf	EXT
LF348	imec0.lf#LF348	2500.0	int16	uV	4.6875	0.0	imec0.lf	EXT
LF349	imec0.lf#LF349	2500.0	int16	uV	4.6875	0.0	imec0.lf	EXT
LF350	imec0.lf#LF350	2500.0	int16	uV	4.6875	0.0	imec0.lf	EXT
LF351	imec0.lf#LF351	2500.0	int16	uV	4.6875	0.0	imec0.lf	EXT
LF352	imec0.lf#LF352	2500.0	int16	uV	4.6875	0.0	imec0.lf	EXT
LF353	imec0.lf#LF353	2500.0	int16	uV	4.6875	0.0	imec0.lf	EXT
LF354	imec0.lf#LF354	2500.0	int16	uV	4.6875	0.0	imec0.lf	EXT
LF355	imec0.lf#LF355	2500.0	int16	uV	4.6875	0.0	imec0.lf	EXT
LF356	imec0.lf#LF356	2500.0	int16	uV	4.6875	0.0	imec0.lf	EXT
LF357	imec0.lf#LF357	2500.0	int16	uV	4.6875	0.0	imec0.lf	EXT
LF358	imec0.lf#LF358	2500.0	int16	uV	4.6875	0.0	imec0.lf	EXT
LF359	imec0.lf#LF359	2500.0	int16	uV	4.6875	0.0	imec0.lf	EXT
LF360	imec0.lf#LF360	2500.0	int16	uV	4.6875	0.0	imec0.lf	EXT
LF361	imec0.lf#LF361	2500.0	int16	uV	4.6875	0.0	imec0.lf	EXT
LF362	imec0.lf#LF362	2500.0	int16	uV	4.6875	0.0	imec0.lf	EXT
LF363	imec0.lf#LF363	2500.0	int16	uV	4.6875	0.0	imec0.lf	EXT
LF364	imec0.lf#LF364	2500.0	int16	uV	4.6875	0.0	imec0.lf	EXT
LF365	imec0.lf#LF365	2500.0	int16	uV	4.6875	0.0	imec0.lf	EXT
LF366	imec0.lf#LF366	2500.0	int16	uV	4.6875	0.0	imec0.lf	EXT
LF367	imec0.lf#LF367	2500.0	int16	uV	4.6875	0.0	imec0.lf	EXT
LF368	imec0.lf#LF368	2500.0	int16	uV	4.6875	0.0	imec0.lf	EXT
LF369	imec0.lf#LF369	2500.0	int16	uV	4.6875	0.0	imec0.lf	EXT
LF370	imec0.lf#LF370	2500.0	int16	uV	4.6875	0.0	imec0.lf	EXT
LF371	imec0.lf#LF371	2500.0	int16	uV	4.6875	0.0	imec0.lf	EXT
LF372	imec0.lf#LF372	2500.0	int16	uV	4.6875	0.0	imec0.lf	EXT
LF373	imec0.lf#LF373	2500.0	int16	uV	4.6875	0.0	imec0.lf	EXT
LF374	imec0.lf#LF374	2500.0	int16	uV	4.6875	0.0	imec0.lf	EXT
LF375	imec0.lf#LF375	2500.0	int16	uV	4.6875	0.0	imec0.lf	EXT
LF376	imec0.lf#LF376	2500.0	int16	uV	4.6875	0.0	imec0.lf	EXT
LF377	imec0.lf#LF377	2500.0	int16	uV	4.6875	0.0	imec0.lf	EXT
LF378	imec0.lf#LF378	2500.0	int16	uV	4.6875	0.0	imec0.lf	EXT
LF379	imec0.lf#LF379	2500.0	int16	uV	4.6875	0.0	imec0.lf	EXT
LF380	imec0.lf#LF380	2500.0	int16	uV	4.6875	0.0	imec0.lf	EXT
LF381	imec0.lf#LF381	2500.0	int16	uV	4.6875	0.0	imec0.lf	EXT
LF382	imec0.lf#LF382	2500.0	int16	uV	4.6875	0.0	imec0.lf	EXT
LF383	imec0.lf#LF383	2500.0	int16	uV	4.6875	0.0	imec0.lf	EXT
